2026-04-26T11:42:38.356+02:00 DEBUG 80702 --- [sapl] [           main] o.s.c.e.PropertySourcesPropertyResolver  : Found key 'application.version' in PropertySource 'version' with value of type String
2026-04-26T11:42:38.358+02:00 DEBUG 80702 --- [sapl] [           main] o.s.c.e.PropertySourcesPropertyResolver  : Found key 'git.commit.id.abbrev' in PropertySource 'configurationProperties' with value of type String
2026-04-26T11:42:38.358+02:00 DEBUG 80702 --- [sapl] [           main] o.s.c.e.PropertySourcesPropertyResolver  : Found key 'os.name' in PropertySource 'configurationProperties' with value of type String
2026-04-26T11:42:38.358+02:00 DEBUG 80702 --- [sapl] [           main] o.s.c.e.PropertySourcesPropertyResolver  : Found key 'os.version' in PropertySource 'configurationProperties' with value of type String
2026-04-26T11:42:38.358+02:00 DEBUG 80702 --- [sapl] [           main] o.s.c.e.PropertySourcesPropertyResolver  : Found key 'os.arch' in PropertySource 'configurationProperties' with value of type String

 [38;2;123;189;188m█[38;2;116;186;185m▀ [38;2;110;183;183m▄[38;2;104;180;181m▀[38;2;98;177;179m█ [38;2;92;174;177m█[38;2;86;171;175m▀[38;2;80;168;173m█ [38;2;74;165;171m█   [38;2;68;162;169m█[38;2;62;160;167m▄ [38;2;56;157;164m█ [38;2;50;154;162m█[38;2;44;151;160m▀[38;2;38;148;158m█ [38;2;32;145;156m█[38;2;26;142;154m▀[38;2;20;139;152m▄ [38;2;14;136;150m█[38;2;8;133;148m▀[38;2;2;131;146m▀[0m
 [38;2;123;189;188m▄[38;2;117;186;186m█ [38;2;112;183;184m█[38;2;106;181;182m▀[38;2;101;178;180m█ [38;2;95;175;178m█[38;2;90;173;176m▀[38;2;84;170;174m▀ [38;2;79;167;172m█[38;2;73;165;170m▄[38;2;68;162;168m▄ [38;2;62;160;167m█ [38;2;57;157;165m▀[38;2;51;154;163m█ [38;2;46;152;161m█[38;2;40;149;159m▄[38;2;35;146;157m█ [38;2;29;144;155m█[38;2;24;141;153m▄[38;2;18;138;151m▀ [38;2;13;136;149m█[38;2;7;133;147m█[38;2;2;131;146m▄[0m
 Version: [38;2;62;160;167m4.0.0-SNAPSHOT (ad8d0bb)[0m
 OS:      [38;2;62;160;167mLinux 6.19.10-1-cachyos amd64[0m

2026-04-26T11:42:38.426+02:00  INFO 80702 --- [sapl] [           main] io.sapl.node.SaplNodeApplication         : Starting SaplNodeApplication v4.0.0-SNAPSHOT using Java 21.0.10 with PID 80702 (/opt/forked-sapl-policy-engine/sapl-node/target/sapl-node-4.0.0-SNAPSHOT.jar started by jubol92 in /opt/forked-sapl-policy-engine)
2026-04-26T11:42:38.426+02:00 DEBUG 80702 --- [sapl] [           main] io.sapl.node.SaplNodeApplication         : Running with Spring Boot v4.0.3, Spring v7.0.5
2026-04-26T11:42:38.427+02:00  INFO 80702 --- [sapl] [           main] io.sapl.node.SaplNodeApplication         : No active profile set, falling back to 1 default profile: "default"
2026-04-26T11:42:38.427+02:00 DEBUG 80702 --- [sapl] [           main] o.s.boot.SpringApplication               : Loading source class io.sapl.node.SaplNodeApplication
2026-04-26T11:42:38.475+02:00 DEBUG 80702 --- [sapl] [           main] onfigReactiveWebServerApplicationContext : Refreshing org.springframework.boot.web.server.reactive.context.AnnotationConfigReactiveWebServerApplicationContext@7cedfa63
2026-04-26T11:42:38.485+02:00 DEBUG 80702 --- [sapl] [           main] o.s.b.f.s.DefaultListableBeanFactory     : Creating shared instance of singleton bean 'org.springframework.context.annotation.internalConfigurationAnnotationProcessor'
2026-04-26T11:42:38.495+02:00 DEBUG 80702 --- [sapl] [           main] o.s.b.f.s.DefaultListableBeanFactory     : Creating shared instance of singleton bean 'org.springframework.boot.autoconfigure.internalCachingMetadataReaderFactory'
2026-04-26T11:42:38.540+02:00 DEBUG 80702 --- [sapl] [           main] o.s.c.a.ClassPathBeanDefinitionScanner   : Identified candidate component class: URL [jar:nested:/opt/forked-sapl-policy-engine/sapl-node/target/sapl-node-4.0.0-SNAPSHOT.jar/!BOOT-INF/classes/!/io/sapl/node/MetricsConfiguration.class]
2026-04-26T11:42:38.540+02:00 DEBUG 80702 --- [sapl] [           main] o.s.c.a.ClassPathBeanDefinitionScanner   : Identified candidate component class: URL [jar:nested:/opt/forked-sapl-policy-engine/sapl-node/target/sapl-node-4.0.0-SNAPSHOT.jar/!BOOT-INF/classes/!/io/sapl/node/PasswordConfiguration.class]
2026-04-26T11:42:38.541+02:00 DEBUG 80702 --- [sapl] [           main] o.s.c.a.ClassPathBeanDefinitionScanner   : Identified candidate component class: URL [jar:nested:/opt/forked-sapl-policy-engine/sapl-node/target/sapl-node-4.0.0-SNAPSHOT.jar/!BOOT-INF/classes/!/io/sapl/node/PdpSourceValidation.class]
2026-04-26T11:42:38.541+02:00 DEBUG 80702 --- [sapl] [           main] o.s.c.a.ClassPathBeanDefinitionScanner   : Identified candidate component class: URL [jar:nested:/opt/forked-sapl-policy-engine/sapl-node/target/sapl-node-4.0.0-SNAPSHOT.jar/!BOOT-INF/classes/!/io/sapl/node/RSocketSecurityConfiguration.class]
2026-04-26T11:42:38.542+02:00 DEBUG 80702 --- [sapl] [           main] o.s.c.a.ClassPathBeanDefinitionScanner   : Identified candidate component class: URL [jar:nested:/opt/forked-sapl-policy-engine/sapl-node/target/sapl-node-4.0.0-SNAPSHOT.jar/!BOOT-INF/classes/!/io/sapl/node/SaplExtensionsConfig.class]
2026-04-26T11:42:38.542+02:00 DEBUG 80702 --- [sapl] [           main] o.s.c.a.ClassPathBeanDefinitionScanner   : Identified candidate component class: URL [jar:nested:/opt/forked-sapl-policy-engine/sapl-node/target/sapl-node-4.0.0-SNAPSHOT.jar/!BOOT-INF/classes/!/io/sapl/node/SaplNodeInfoContributor.class]
2026-04-26T11:42:38.554+02:00 DEBUG 80702 --- [sapl] [           main] o.s.c.a.ClassPathBeanDefinitionScanner   : Identified candidate component class: URL [jar:nested:/opt/forked-sapl-policy-engine/sapl-node/target/sapl-node-4.0.0-SNAPSHOT.jar/!BOOT-INF/classes/!/io/sapl/node/SecurityConfiguration.class]
2026-04-26T11:42:38.555+02:00 DEBUG 80702 --- [sapl] [           main] o.s.c.a.ClassPathBeanDefinitionScanner   : Identified candidate component class: URL [jar:nested:/opt/forked-sapl-policy-engine/sapl-node/target/sapl-node-4.0.0-SNAPSHOT.jar/!BOOT-INF/classes/!/io/sapl/node/apikey/ApiKeyService.class]
2026-04-26T11:42:38.556+02:00 DEBUG 80702 --- [sapl] [           main] o.s.c.a.ClassPathBeanDefinitionScanner   : Identified candidate component class: URL [jar:nested:/opt/forked-sapl-policy-engine/sapl-node/target/sapl-node-4.0.0-SNAPSHOT.jar/!BOOT-INF/classes/!/io/sapl/node/auth/UserLookupService.class]
2026-04-26T11:42:38.587+02:00 DEBUG 80702 --- [sapl] [           main] o.s.c.a.ClassPathBeanDefinitionScanner   : Identified candidate component class: URL [jar:nested:/opt/forked-sapl-policy-engine/sapl-node/target/sapl-node-4.0.0-SNAPSHOT.jar/!BOOT-INF/lib/sapl-webflux-endpoint-4.0.0-SNAPSHOT.jar!/io/sapl/server/pdpcontroller/PDPController.class]
2026-04-26T11:42:38.591+02:00 DEBUG 80702 --- [sapl] [           main] o.s.c.a.ClassPathBeanDefinitionScanner   : Identified candidate component class: URL [jar:nested:/opt/forked-sapl-policy-engine/sapl-node/target/sapl-node-4.0.0-SNAPSHOT.jar/!BOOT-INF/lib/sapl-webflux-endpoint-4.0.0-SNAPSHOT.jar!/io/sapl/server/pdpcontroller/SaplJacksonAutoConfiguration.class]
2026-04-26T11:42:38.592+02:00 DEBUG 80702 --- [sapl] [           main] o.s.c.a.ClassPathBeanDefinitionScanner   : Identified candidate component class: URL [jar:nested:/opt/forked-sapl-policy-engine/sapl-node/target/sapl-node-4.0.0-SNAPSHOT.jar/!BOOT-INF/lib/sapl-rsocket-endpoint-4.0.0-SNAPSHOT.jar!/io/sapl/server/pdpcontroller/ProtobufRSocketServerConfiguration.class]
2026-04-26T11:42:38.594+02:00 DEBUG 80702 --- [sapl] [           main] o.s.c.a.ClassPathBeanDefinitionScanner   : Identified candidate component class: URL [jar:nested:/opt/forked-sapl-policy-engine/sapl-node/target/sapl-node-4.0.0-SNAPSHOT.jar/!BOOT-INF/lib/sapl-rsocket-endpoint-4.0.0-SNAPSHOT.jar!/io/sapl/server/pdpcontroller/RSocketPDPController.class]
2026-04-26T11:42:38.599+02:00 DEBUG 80702 --- [sapl] [           main] o.s.c.a.ClassPathBeanDefinitionScanner   : Identified candidate component class: URL [jar:nested:/opt/forked-sapl-policy-engine/sapl-node/target/sapl-node-4.0.0-SNAPSHOT.jar/!BOOT-INF/lib/sapl-pdp-4.0.0-SNAPSHOT.jar!/io/sapl/hazelcast/AttributeDistributionService.class]
2026-04-26T11:42:38.599+02:00 DEBUG 80702 --- [sapl] [           main] o.s.c.a.ClassPathBeanDefinitionScanner   : Identified candidate component class: URL [jar:nested:/opt/forked-sapl-policy-engine/sapl-node/target/sapl-node-4.0.0-SNAPSHOT.jar/!BOOT-INF/lib/sapl-pdp-4.0.0-SNAPSHOT.jar!/io/sapl/hazelcast/HazelcastAttributeListener.class]
2026-04-26T11:42:38.600+02:00 DEBUG 80702 --- [sapl] [           main] o.s.c.a.ClassPathBeanDefinitionScanner   : Identified candidate component class: URL [jar:nested:/opt/forked-sapl-policy-engine/sapl-node/target/sapl-node-4.0.0-SNAPSHOT.jar/!BOOT-INF/lib/sapl-pdp-4.0.0-SNAPSHOT.jar!/io/sapl/hazelcast/HazelcastConfiguration.class]
2026-04-26T11:42:38.601+02:00 DEBUG 80702 --- [sapl] [           main] o.s.c.a.ClassPathBeanDefinitionScanner   : Identified candidate component class: URL [jar:nested:/opt/forked-sapl-policy-engine/sapl-node/target/sapl-node-4.0.0-SNAPSHOT.jar/!BOOT-INF/lib/sapl-pdp-4.0.0-SNAPSHOT.jar!/io/sapl/hazelcast/HazelcastNodeId.class]
2026-04-26T11:42:38.601+02:00 DEBUG 80702 --- [sapl] [           main] o.s.c.a.ClassPathBeanDefinitionScanner   : Identified candidate component class: URL [jar:nested:/opt/forked-sapl-policy-engine/sapl-node/target/sapl-node-4.0.0-SNAPSHOT.jar/!BOOT-INF/lib/sapl-pdp-4.0.0-SNAPSHOT.jar!/io/sapl/hazelcast/HazelcastTopicTest.class]
2026-04-26T11:42:38.601+02:00 DEBUG 80702 --- [sapl] [           main] o.s.c.a.ClassPathBeanDefinitionScanner   : Identified candidate component class: URL [jar:nested:/opt/forked-sapl-policy-engine/sapl-node/target/sapl-node-4.0.0-SNAPSHOT.jar/!BOOT-INF/lib/sapl-pdp-4.0.0-SNAPSHOT.jar!/io/sapl/hazelcast/NoOpAttributeDistributionService.class]
2026-04-26T11:42:39.223+02:00  INFO 80702 --- [sapl] [           main] .s.d.r.c.RepositoryConfigurationDelegate : Multiple Spring Data modules found, entering strict repository configuration mode
2026-04-26T11:42:39.224+02:00  INFO 80702 --- [sapl] [           main] .s.d.r.c.RepositoryConfigurationDelegate : Bootstrapping Spring Data Reactive MongoDB repositories in DEFAULT mode.
2026-04-26T11:42:39.229+02:00 DEBUG 80702 --- [sapl] [           main] o.s.b.f.s.DefaultListableBeanFactory     : Creating shared instance of singleton bean 'org.springframework.boot.autoconfigure.AutoConfigurationPackages'
2026-04-26T11:42:39.235+02:00 DEBUG 80702 --- [sapl] [           main] o.s.b.a.AutoConfigurationPackages        : @EnableAutoConfiguration was declared on a class in the package 'io.sapl.node'. Automatic @Repository and @Entity scanning is enabled.
2026-04-26T11:42:39.236+02:00 DEBUG 80702 --- [sapl] [           main] .s.d.r.c.RepositoryConfigurationDelegate : Scanning for Reactive MongoDB repositories in packages io.sapl.node.
2026-04-26T11:42:39.251+02:00  INFO 80702 --- [sapl] [           main] .s.d.r.c.RepositoryConfigurationDelegate : Finished Spring Data repository scanning in 13 ms. Found 0 Reactive MongoDB repository interfaces.
2026-04-26T11:42:39.257+02:00  INFO 80702 --- [sapl] [           main] .s.d.r.c.RepositoryConfigurationDelegate : Multiple Spring Data modules found, entering strict repository configuration mode
2026-04-26T11:42:39.257+02:00  INFO 80702 --- [sapl] [           main] .s.d.r.c.RepositoryConfigurationDelegate : Bootstrapping Spring Data MongoDB repositories in DEFAULT mode.
2026-04-26T11:42:39.264+02:00 DEBUG 80702 --- [sapl] [           main] .s.d.r.c.RepositoryConfigurationDelegate : Scanning for MongoDB repositories in packages io.sapl.node.
2026-04-26T11:42:39.267+02:00  INFO 80702 --- [sapl] [           main] .s.d.r.c.RepositoryConfigurationDelegate : Finished Spring Data repository scanning in 2 ms. Found 0 MongoDB repository interfaces.
2026-04-26T11:42:39.278+02:00  INFO 80702 --- [sapl] [           main] .s.d.r.c.RepositoryConfigurationDelegate : Multiple Spring Data modules found, entering strict repository configuration mode
2026-04-26T11:42:39.278+02:00  INFO 80702 --- [sapl] [           main] .s.d.r.c.RepositoryConfigurationDelegate : Bootstrapping Spring Data R2DBC repositories in DEFAULT mode.
2026-04-26T11:42:39.280+02:00 DEBUG 80702 --- [sapl] [           main] .s.d.r.c.RepositoryConfigurationDelegate : Scanning for R2DBC repositories in packages io.sapl.node.
2026-04-26T11:42:39.282+02:00  INFO 80702 --- [sapl] [           main] .s.d.r.c.RepositoryConfigurationDelegate : Finished Spring Data repository scanning in 2 ms. Found 0 R2DBC repository interfaces.
2026-04-26T11:42:39.385+02:00 DEBUG 80702 --- [sapl] [           main] o.s.b.f.s.DefaultListableBeanFactory     : Creating shared instance of singleton bean 'authorizedClientManagerRegistrar'
2026-04-26T11:42:39.385+02:00 DEBUG 80702 --- [sapl] [           main] o.s.b.f.s.DefaultListableBeanFactory     : Creating shared instance of singleton bean 'org.springframework.security.config.annotation.web.reactive.ReactiveOAuth2ClientConfiguration$ReactiveOAuth2AuthorizedClientManagerConfiguration'
2026-04-26T11:42:39.491+02:00 DEBUG 80702 --- [sapl] [           main] o.s.b.f.s.DefaultListableBeanFactory     : Creating shared instance of singleton bean 'propertySourcesPlaceholderConfigurer'
2026-04-26T11:42:39.494+02:00 DEBUG 80702 --- [sapl] [           main] o.s.b.f.s.DefaultListableBeanFactory     : Creating shared instance of singleton bean 'org.springframework.boot.sql.init.dependency.DatabaseInitializationDependencyConfigurer$DependsOnDatabaseInitializationPostProcessor'
2026-04-26T11:42:39.515+02:00 DEBUG 80702 --- [sapl] [           main] o.s.b.f.s.DefaultListableBeanFactory     : Creating shared instance of singleton bean 'org.springframework.context.event.internalEventListenerProcessor'
2026-04-26T11:42:39.516+02:00 DEBUG 80702 --- [sapl] [           main] o.s.b.f.s.DefaultListableBeanFactory     : Creating shared instance of singleton bean 'conversionServicePostProcessor'
2026-04-26T11:42:39.519+02:00 DEBUG 80702 --- [sapl] [           main] o.s.b.f.s.DefaultListableBeanFactory     : Creating shared instance of singleton bean 'forceAutoProxyCreatorToUseClassProxying'
2026-04-26T11:42:39.519+02:00 DEBUG 80702 --- [sapl] [           main] o.s.b.f.s.DefaultListableBeanFactory     : Creating shared instance of singleton bean 'bootstrapExecutorAliasPostProcessor'
2026-04-26T11:42:39.520+02:00 DEBUG 80702 --- [sapl] [           main] o.s.b.f.s.DefaultListableBeanFactory     : Creating shared instance of singleton bean 'org.springframework.context.event.internalEventListenerFactory'
2026-04-26T11:42:39.522+02:00 DEBUG 80702 --- [sapl] [           main] o.s.b.f.s.DefaultListableBeanFactory     : Creating shared instance of singleton bean 'org.springframework.context.annotation.internalAutowiredAnnotationProcessor'
2026-04-26T11:42:39.523+02:00 DEBUG 80702 --- [sapl] [           main] o.s.b.f.s.DefaultListableBeanFactory     : Creating shared instance of singleton bean 'org.springframework.context.annotation.internalCommonAnnotationProcessor'
2026-04-26T11:42:39.526+02:00 DEBUG 80702 --- [sapl] [           main] o.s.b.f.s.DefaultListableBeanFactory     : Creating shared instance of singleton bean 'org.springframework.boot.context.properties.ConfigurationPropertiesBindingPostProcessor'
2026-04-26T11:42:39.526+02:00 DEBUG 80702 --- [sapl] [           main] o.s.b.f.s.DefaultListableBeanFactory     : Creating shared instance of singleton bean 'org.springframework.boot.context.internalConfigurationPropertiesBinder'
2026-04-26T11:42:39.528+02:00 DEBUG 80702 --- [sapl] [           main] o.s.b.f.s.DefaultListableBeanFactory     : Creating shared instance of singleton bean 'org.springframework.aop.config.internalAutoProxyCreator'
2026-04-26T11:42:39.535+02:00 DEBUG 80702 --- [sapl] [           main] o.s.b.f.s.DefaultListableBeanFactory     : Creating shared instance of singleton bean 'org.springframework.aop.framework.autoproxy.defaultProxyConfig'
2026-04-26T11:42:39.536+02:00 DEBUG 80702 --- [sapl] [           main] o.s.b.f.s.DefaultListableBeanFactory     : Creating shared instance of singleton bean 'methodValidationPostProcessor'
2026-04-26T11:42:39.539+02:00 DEBUG 80702 --- [sapl] [           main] o.s.b.f.s.DefaultListableBeanFactory     : Autowiring by type from bean name 'methodValidationPostProcessor' via factory method to bean named 'environment'
2026-04-26T11:42:39.541+02:00 DEBUG 80702 --- [sapl] [           main] o.s.b.f.s.DefaultListableBeanFactory     : Creating shared instance of singleton bean 'org.springframework.boot.context.properties.EnableConfigurationPropertiesRegistrar.methodValidationExcludeFilter'
2026-04-26T11:42:39.551+02:00 DEBUG 80702 --- [sapl] [           main] o.s.b.f.s.DefaultListableBeanFactory     : Creating shared instance of singleton bean 'r2dbcBeanPostProcessor'
2026-04-26T11:42:39.552+02:00 DEBUG 80702 --- [sapl] [           main] o.s.b.f.s.DefaultListableBeanFactory     : Creating shared instance of singleton bean 'io.sapl.spring.data.r2dbc.config.SaplR2dbcAutoConfiguration'
2026-04-26T11:42:39.552+02:00 DEBUG 80702 --- [sapl] [           main] i.s.s.d.r.c.SaplR2dbcAutoConfiguration   : # Setting up SAPL R2DBC policy enforcement points...
2026-04-26T11:42:39.552+02:00  WARN 80702 --- [sapl] [           main] trationDelegate$BeanPostProcessorChecker : Bean 'io.sapl.spring.data.r2dbc.config.SaplR2dbcAutoConfiguration' of type [io.sapl.spring.data.r2dbc.config.SaplR2dbcAutoConfiguration] is not eligible for getting processed by all BeanPostProcessors (for example: not eligible for auto-proxying). The currently created BeanPostProcessor [r2dbcBeanPostProcessor] is declared through a non-static factory method on that class; consider declaring it as static instead.
2026-04-26T11:42:39.553+02:00 DEBUG 80702 --- [sapl] [           main] o.s.b.f.s.DefaultListableBeanFactory     : Creating shared instance of singleton bean 'org.springframework.cache.config.internalCacheAdvisor'
2026-04-26T11:42:39.553+02:00 DEBUG 80702 --- [sapl] [           main] o.s.b.f.s.DefaultListableBeanFactory     : Creating shared instance of singleton bean 'org.springframework.cache.annotation.ProxyCachingConfiguration'
2026-04-26T11:42:39.556+02:00 DEBUG 80702 --- [sapl] [           main] o.s.b.f.s.DefaultListableBeanFactory     : Creating shared instance of singleton bean 'cacheOperationSource'
2026-04-26T11:42:39.559+02:00 DEBUG 80702 --- [sapl] [           main] o.s.b.f.s.DefaultListableBeanFactory     : Creating shared instance of singleton bean 'cacheInterceptor'
2026-04-26T11:42:39.559+02:00 DEBUG 80702 --- [sapl] [           main] o.s.b.f.s.DefaultListableBeanFactory     : Autowiring by type from bean name 'cacheInterceptor' via factory method to bean named 'cacheOperationSource'
2026-04-26T11:42:39.649+02:00 DEBUG 80702 --- [sapl] [           main] o.s.b.f.s.DefaultListableBeanFactory     : Autowiring by type from bean name 'org.springframework.cache.config.internalCacheAdvisor' via factory method to bean named 'cacheOperationSource'
2026-04-26T11:42:39.649+02:00 DEBUG 80702 --- [sapl] [           main] o.s.b.f.s.DefaultListableBeanFactory     : Autowiring by type from bean name 'org.springframework.cache.config.internalCacheAdvisor' via factory method to bean named 'cacheInterceptor'
2026-04-26T11:42:39.654+02:00 DEBUG 80702 --- [sapl] [           main] i.s.s.d.r.c.SaplR2dbcAutoConfiguration   : # Instantiate R2dbcBeanPostProcessor...
2026-04-26T11:42:39.654+02:00 DEBUG 80702 --- [sapl] [           main] o.s.b.f.s.DefaultListableBeanFactory     : Creating shared instance of singleton bean 'meterRegistryPostProcessor'
2026-04-26T11:42:39.656+02:00 DEBUG 80702 --- [sapl] [           main] o.s.b.f.s.DefaultListableBeanFactory     : Autowiring by type from bean name 'meterRegistryPostProcessor' via factory method to bean named 'org.springframework.boot.web.server.reactive.context.AnnotationConfigReactiveWebServerApplicationContext@7cedfa63'
2026-04-26T11:42:39.664+02:00 DEBUG 80702 --- [sapl] [           main] o.s.b.f.s.DefaultListableBeanFactory     : Creating shared instance of singleton bean 'metricsRepositoryMethodInvocationListenerBeanPostProcessor'
2026-04-26T11:42:39.665+02:00 DEBUG 80702 --- [sapl] [           main] o.s.b.f.s.DefaultListableBeanFactory     : Creating shared instance of singleton bean 'healthEndpointGroupsBeanPostProcessor'
2026-04-26T11:42:39.666+02:00 DEBUG 80702 --- [sapl] [           main] o.s.b.f.s.DefaultListableBeanFactory     : Creating shared instance of singleton bean 'observationRegistryPostProcessor'
2026-04-26T11:42:39.669+02:00 DEBUG 80702 --- [sapl] [           main] o.s.b.f.s.DefaultListableBeanFactory     : Creating shared instance of singleton bean 'webServerFactoryCustomizerBeanPostProcessor'
2026-04-26T11:42:39.669+02:00 DEBUG 80702 --- [sapl] [           main] o.s.b.f.s.DefaultListableBeanFactory     : Creating shared instance of singleton bean 'serverCodecConfigurerEndpointJsonMapperBeanPostProcessor'
2026-04-26T11:42:39.671+02:00 DEBUG 80702 --- [sapl] [           main] o.s.b.f.s.DefaultListableBeanFactory     : Creating shared instance of singleton bean 'serverCodecConfigurerEndpointJackson2JsonMapperBeanPostProcessor'
2026-04-26T11:42:39.673+02:00 DEBUG 80702 --- [sapl] [           main] o.s.b.f.s.DefaultListableBeanFactory     : Creating shared instance of singleton bean 'nettyReactiveWebServerFactory'
2026-04-26T11:42:39.673+02:00 DEBUG 80702 --- [sapl] [           main] o.s.b.f.s.DefaultListableBeanFactory     : Creating shared instance of singleton bean 'org.springframework.boot.reactor.netty.autoconfigure.NettyReactiveWebServerAutoConfiguration'
2026-04-26T11:42:39.674+02:00 DEBUG 80702 --- [sapl] [           main] o.s.b.f.s.DefaultListableBeanFactory     : Creating shared instance of singleton bean 'reactorResourceFactory'
2026-04-26T11:42:39.674+02:00 DEBUG 80702 --- [sapl] [           main] o.s.b.f.s.DefaultListableBeanFactory     : Creating shared instance of singleton bean 'org.springframework.boot.reactor.netty.autoconfigure.ReactorNettyConfigurations$ReactorResourceFactoryConfiguration'
2026-04-26T11:42:39.675+02:00 DEBUG 80702 --- [sapl] [           main] o.s.b.f.s.DefaultListableBeanFactory     : Creating shared instance of singleton bean 'spring.reactor.netty-org.springframework.boot.reactor.netty.autoconfigure.ReactorNettyProperties'
2026-04-26T11:42:39.676+02:00 DEBUG 80702 --- [sapl] [           main] o.s.b.f.s.DefaultListableBeanFactory     : Creating shared instance of singleton bean 'org.springframework.boot.context.properties.BoundConfigurationProperties'
2026-04-26T11:42:39.682+02:00 DEBUG 80702 --- [sapl] [           main] o.s.b.f.s.DefaultListableBeanFactory     : Autowiring by type from bean name 'reactorResourceFactory' via factory method to bean named 'spring.reactor.netty-org.springframework.boot.reactor.netty.autoconfigure.ReactorNettyProperties'
2026-04-26T11:42:39.686+02:00 DEBUG 80702 --- [sapl] [           main] o.s.b.f.s.DefaultListableBeanFactory     : Autowiring by type from bean name 'nettyReactiveWebServerFactory' via factory method to bean named 'reactorResourceFactory'
2026-04-26T11:42:39.690+02:00 DEBUG 80702 --- [sapl] [           main] o.s.b.f.s.DefaultListableBeanFactory     : Creating shared instance of singleton bean 'reactiveWebServerFactoryCustomizer'
2026-04-26T11:42:39.690+02:00 DEBUG 80702 --- [sapl] [           main] o.s.b.f.s.DefaultListableBeanFactory     : Creating shared instance of singleton bean 'org.springframework.boot.web.server.autoconfigure.reactive.ReactiveWebServerConfiguration'
2026-04-26T11:42:39.691+02:00 DEBUG 80702 --- [sapl] [           main] o.s.b.f.s.DefaultListableBeanFactory     : Creating shared instance of singleton bean 'server-org.springframework.boot.web.server.autoconfigure.ServerProperties'
2026-04-26T11:42:39.702+02:00 DEBUG 80702 --- [sapl] [           main] o.s.b.f.s.DefaultListableBeanFactory     : Autowiring by type from bean name 'reactiveWebServerFactoryCustomizer' via factory method to bean named 'server-org.springframework.boot.web.server.autoconfigure.ServerProperties'
2026-04-26T11:42:39.704+02:00 DEBUG 80702 --- [sapl] [           main] o.s.b.f.s.DefaultListableBeanFactory     : Creating shared instance of singleton bean 'sslBundleRegistry'
2026-04-26T11:42:39.704+02:00 DEBUG 80702 --- [sapl] [           main] o.s.b.f.s.DefaultListableBeanFactory     : Creating shared instance of singleton bean 'org.springframework.boot.autoconfigure.ssl.SslAutoConfiguration'
2026-04-26T11:42:39.705+02:00 DEBUG 80702 --- [sapl] [           main] o.s.b.f.s.DefaultListableBeanFactory     : Creating shared instance of singleton bean 'spring.ssl-org.springframework.boot.autoconfigure.ssl.SslProperties'
2026-04-26T11:42:39.706+02:00 DEBUG 80702 --- [sapl] [           main] o.s.b.f.s.DefaultListableBeanFactory     : Autowiring by type from bean name 'org.springframework.boot.autoconfigure.ssl.SslAutoConfiguration' via constructor to bean named 'org.springframework.boot.web.server.reactive.context.AnnotationConfigReactiveWebServerApplicationContext@7cedfa63'
2026-04-26T11:42:39.706+02:00 DEBUG 80702 --- [sapl] [           main] o.s.b.f.s.DefaultListableBeanFactory     : Autowiring by type from bean name 'org.springframework.boot.autoconfigure.ssl.SslAutoConfiguration' via constructor to bean named 'spring.ssl-org.springframework.boot.autoconfigure.ssl.SslProperties'
2026-04-26T11:42:39.709+02:00 DEBUG 80702 --- [sapl] [           main] o.s.b.f.s.DefaultListableBeanFactory     : Creating shared instance of singleton bean 'sslPropertiesSslBundleRegistrar'
2026-04-26T11:42:39.709+02:00 DEBUG 80702 --- [sapl] [           main] o.s.b.f.s.DefaultListableBeanFactory     : Creating shared instance of singleton bean 'fileWatcher'
2026-04-26T11:42:39.710+02:00 DEBUG 80702 --- [sapl] [           main] o.s.b.f.s.DefaultListableBeanFactory     : Autowiring by type from bean name 'sslPropertiesSslBundleRegistrar' via factory method to bean named 'fileWatcher'
2026-04-26T11:42:39.714+02:00 DEBUG 80702 --- [sapl] [           main] o.s.b.f.s.DefaultListableBeanFactory     : Creating shared instance of singleton bean 'nettyWebServerFactoryCustomizer'
2026-04-26T11:42:39.715+02:00 DEBUG 80702 --- [sapl] [           main] o.s.b.f.s.DefaultListableBeanFactory     : Creating shared instance of singleton bean 'server.netty-org.springframework.boot.reactor.netty.autoconfigure.NettyServerProperties'
2026-04-26T11:42:39.717+02:00 DEBUG 80702 --- [sapl] [           main] o.s.b.f.s.DefaultListableBeanFactory     : Autowiring by type from bean name 'nettyWebServerFactoryCustomizer' via factory method to bean named 'environment'
2026-04-26T11:42:39.717+02:00 DEBUG 80702 --- [sapl] [           main] o.s.b.f.s.DefaultListableBeanFactory     : Autowiring by type from bean name 'nettyWebServerFactoryCustomizer' via factory method to bean named 'server-org.springframework.boot.web.server.autoconfigure.ServerProperties'
2026-04-26T11:42:39.717+02:00 DEBUG 80702 --- [sapl] [           main] o.s.b.f.s.DefaultListableBeanFactory     : Autowiring by type from bean name 'nettyWebServerFactoryCustomizer' via factory method to bean named 'server.netty-org.springframework.boot.reactor.netty.autoconfigure.NettyServerProperties'
2026-04-26T11:42:39.819+02:00 DEBUG 80702 --- [sapl] [           main] o.s.b.f.s.DefaultListableBeanFactory     : Creating shared instance of singleton bean 'applicationTaskExecutor'
2026-04-26T11:42:39.819+02:00 DEBUG 80702 --- [sapl] [           main] o.s.b.f.s.DefaultListableBeanFactory     : Creating shared instance of singleton bean 'org.springframework.boot.autoconfigure.task.TaskExecutorConfigurations$TaskExecutorConfiguration'
2026-04-26T11:42:39.820+02:00 DEBUG 80702 --- [sapl] [           main] o.s.b.f.s.DefaultListableBeanFactory     : Creating shared instance of singleton bean 'threadPoolTaskExecutorBuilder'
2026-04-26T11:42:39.820+02:00 DEBUG 80702 --- [sapl] [           main] o.s.b.f.s.DefaultListableBeanFactory     : Creating shared instance of singleton bean 'org.springframework.boot.autoconfigure.task.TaskExecutorConfigurations$ThreadPoolTaskExecutorBuilderConfiguration'
2026-04-26T11:42:39.822+02:00 DEBUG 80702 --- [sapl] [           main] o.s.b.f.s.DefaultListableBeanFactory     : Creating shared instance of singleton bean 'spring.task.execution-org.springframework.boot.autoconfigure.task.TaskExecutionProperties'
2026-04-26T11:42:39.823+02:00 DEBUG 80702 --- [sapl] [           main] o.s.b.f.s.DefaultListableBeanFactory     : Autowiring by type from bean name 'threadPoolTaskExecutorBuilder' via factory method to bean named 'spring.task.execution-org.springframework.boot.autoconfigure.task.TaskExecutionProperties'
2026-04-26T11:42:39.825+02:00 DEBUG 80702 --- [sapl] [           main] o.s.b.f.s.DefaultListableBeanFactory     : Autowiring by type from bean name 'applicationTaskExecutor' via factory method to bean named 'threadPoolTaskExecutorBuilder'
2026-04-26T11:42:39.829+02:00 DEBUG 80702 --- [sapl] [           main] o.s.s.concurrent.ThreadPoolTaskExecutor  : Initializing ExecutorService 'applicationTaskExecutor'
2026-04-26T11:42:39.833+02:00 DEBUG 80702 --- [sapl] [           main] o.s.b.f.s.DefaultListableBeanFactory     : Creating shared instance of singleton bean 'saplNodeApplication'
2026-04-26T11:42:39.834+02:00 DEBUG 80702 --- [sapl] [           main] o.s.b.f.s.DefaultListableBeanFactory     : Creating shared instance of singleton bean 'metricsConfiguration'
2026-04-26T11:42:39.835+02:00 DEBUG 80702 --- [sapl] [           main] o.s.b.f.s.DefaultListableBeanFactory     : Creating shared instance of singleton bean 'io.sapl.pdp.embedded-io.sapl.spring.pdp.embedded.EmbeddedPDPProperties'
2026-04-26T11:42:39.892+02:00 DEBUG 80702 --- [sapl] [           main] o.s.b.f.s.DefaultListableBeanFactory     : Autowiring by type from bean name 'metricsConfiguration' via constructor to bean named 'io.sapl.pdp.embedded-io.sapl.spring.pdp.embedded.EmbeddedPDPProperties'
2026-04-26T11:42:39.893+02:00 DEBUG 80702 --- [sapl] [           main] o.s.b.f.s.DefaultListableBeanFactory     : Creating shared instance of singleton bean 'passwordConfiguration'
2026-04-26T11:42:39.893+02:00 DEBUG 80702 --- [sapl] [           main] o.s.b.f.s.DefaultListableBeanFactory     : Creating shared instance of singleton bean 'pdpSourceValidation'
2026-04-26T11:42:39.894+02:00 DEBUG 80702 --- [sapl] [           main] o.s.b.f.s.DefaultListableBeanFactory     : Autowiring by type from bean name 'pdpSourceValidation' via constructor to bean named 'io.sapl.pdp.embedded-io.sapl.spring.pdp.embedded.EmbeddedPDPProperties'
2026-04-26T11:42:39.895+02:00 DEBUG 80702 --- [sapl] [           main] o.s.b.f.s.DefaultListableBeanFactory     : Creating shared instance of singleton bean 'RSocketSecurityConfiguration'
2026-04-26T11:42:39.895+02:00 DEBUG 80702 --- [sapl] [           main] o.s.b.f.s.DefaultListableBeanFactory     : Creating shared instance of singleton bean 'io.sapl.node-io.sapl.node.SaplNodeProperties'
2026-04-26T11:42:39.897+02:00 DEBUG 80702 --- [sapl] [           main] o.s.b.f.s.DefaultListableBeanFactory     : Creating shared instance of singleton bean 'userLookupService'
2026-04-26T11:42:39.898+02:00 DEBUG 80702 --- [sapl] [           main] o.s.b.f.s.DefaultListableBeanFactory     : Creating shared instance of singleton bean 'passwordEncoder'
2026-04-26T11:42:39.903+02:00 DEBUG 80702 --- [sapl] [           main] o.s.b.f.s.DefaultListableBeanFactory     : Autowiring by type from bean name 'userLookupService' via constructor to bean named 'io.sapl.node-io.sapl.node.SaplNodeProperties'
2026-04-26T11:42:39.903+02:00 DEBUG 80702 --- [sapl] [           main] o.s.b.f.s.DefaultListableBeanFactory     : Autowiring by type from bean name 'userLookupService' via constructor to bean named 'passwordEncoder'
2026-04-26T11:42:39.903+02:00 DEBUG 80702 --- [sapl] [           main] o.s.b.f.s.DefaultListableBeanFactory     : Autowiring by type from bean name 'RSocketSecurityConfiguration' via constructor to bean named 'io.sapl.node-io.sapl.node.SaplNodeProperties'
2026-04-26T11:42:39.903+02:00 DEBUG 80702 --- [sapl] [           main] o.s.b.f.s.DefaultListableBeanFactory     : Autowiring by type from bean name 'RSocketSecurityConfiguration' via constructor to bean named 'userLookupService'
2026-04-26T11:42:39.903+02:00 DEBUG 80702 --- [sapl] [           main] o.s.b.f.s.DefaultListableBeanFactory     : Autowiring by type from bean name 'RSocketSecurityConfiguration' via constructor to bean named 'passwordEncoder'
2026-04-26T11:42:39.904+02:00 DEBUG 80702 --- [sapl] [           main] o.s.b.f.s.DefaultListableBeanFactory     : Creating shared instance of singleton bean 'saplExtensionsConfig'
2026-04-26T11:42:39.904+02:00 DEBUG 80702 --- [sapl] [           main] o.s.b.f.s.DefaultListableBeanFactory     : Creating shared instance of singleton bean 'saplNodeInfoContributor'
2026-04-26T11:42:39.905+02:00 DEBUG 80702 --- [sapl] [           main] o.s.b.f.s.DefaultListableBeanFactory     : Autowiring by type from bean name 'saplNodeInfoContributor' via constructor to bean named 'io.sapl.pdp.embedded-io.sapl.spring.pdp.embedded.EmbeddedPDPProperties'
2026-04-26T11:42:39.905+02:00 DEBUG 80702 --- [sapl] [           main] o.s.b.f.s.DefaultListableBeanFactory     : Creating shared instance of singleton bean 'securityConfiguration'
2026-04-26T11:42:39.905+02:00 DEBUG 80702 --- [sapl] [           main] o.s.b.f.s.DefaultListableBeanFactory     : Creating shared instance of singleton bean 'apiKeyService'
2026-04-26T11:42:39.906+02:00 DEBUG 80702 --- [sapl] [           main] o.s.b.f.s.DefaultListableBeanFactory     : Creating shared instance of singleton bean 'cacheManager'
2026-04-26T11:42:39.906+02:00 DEBUG 80702 --- [sapl] [           main] o.s.b.f.s.DefaultListableBeanFactory     : Creating shared instance of singleton bean 'org.springframework.boot.cache.autoconfigure.CaffeineCacheConfiguration'
2026-04-26T11:42:39.907+02:00 DEBUG 80702 --- [sapl] [           main] o.s.b.f.s.DefaultListableBeanFactory     : Creating shared instance of singleton bean 'spring.cache-org.springframework.boot.cache.autoconfigure.CacheProperties'
2026-04-26T11:42:39.910+02:00 DEBUG 80702 --- [sapl] [           main] o.s.b.f.s.DefaultListableBeanFactory     : Creating shared instance of singleton bean 'cacheManagerCustomizers'
2026-04-26T11:42:39.910+02:00 DEBUG 80702 --- [sapl] [           main] o.s.b.f.s.DefaultListableBeanFactory     : Creating shared instance of singleton bean 'org.springframework.boot.cache.autoconfigure.CacheAutoConfiguration'
2026-04-26T11:42:39.912+02:00 DEBUG 80702 --- [sapl] [           main] o.s.b.f.s.DefaultListableBeanFactory     : Autowiring by type from bean name 'cacheManager' via factory method to bean named 'spring.cache-org.springframework.boot.cache.autoconfigure.CacheProperties'
2026-04-26T11:42:39.912+02:00 DEBUG 80702 --- [sapl] [           main] o.s.b.f.s.DefaultListableBeanFactory     : Autowiring by type from bean name 'cacheManager' via factory method to bean named 'cacheManagerCustomizers'
2026-04-26T11:42:39.945+02:00 DEBUG 80702 --- [sapl] [           main] o.s.b.f.s.DefaultListableBeanFactory     : Autowiring by type from bean name 'apiKeyService' via constructor to bean named 'userLookupService'
2026-04-26T11:42:39.945+02:00 DEBUG 80702 --- [sapl] [           main] o.s.b.f.s.DefaultListableBeanFactory     : Autowiring by type from bean name 'apiKeyService' via constructor to bean named 'cacheManager'
2026-04-26T11:42:39.945+02:00 DEBUG 80702 --- [sapl] [           main] o.s.b.f.s.DefaultListableBeanFactory     : Autowiring by type from bean name 'securityConfiguration' via constructor to bean named 'apiKeyService'
2026-04-26T11:42:39.945+02:00 DEBUG 80702 --- [sapl] [           main] o.s.b.f.s.DefaultListableBeanFactory     : Autowiring by type from bean name 'securityConfiguration' via constructor to bean named 'io.sapl.node-io.sapl.node.SaplNodeProperties'
2026-04-26T11:42:39.945+02:00 DEBUG 80702 --- [sapl] [           main] o.s.b.f.s.DefaultListableBeanFactory     : Autowiring by type from bean name 'securityConfiguration' via constructor to bean named 'userLookupService'
2026-04-26T11:42:39.959+02:00 DEBUG 80702 --- [sapl] [           main] o.s.b.f.s.DefaultListableBeanFactory     : Creating shared instance of singleton bean 'PDPController'
2026-04-26T11:42:39.961+02:00 DEBUG 80702 --- [sapl] [           main] o.s.b.f.s.DefaultListableBeanFactory     : Creating shared instance of singleton bean 'pdp'
2026-04-26T11:42:39.961+02:00 DEBUG 80702 --- [sapl] [           main] o.s.b.f.s.DefaultListableBeanFactory     : Creating shared instance of singleton bean 'io.sapl.pdp.PdpConfiguration'
2026-04-26T11:42:39.962+02:00 DEBUG 80702 --- [sapl] [           main] o.s.b.f.s.DefaultListableBeanFactory     : Creating shared instance of singleton bean 'pdpComponents'
2026-04-26T11:42:39.962+02:00 DEBUG 80702 --- [sapl] [           main] o.s.b.f.s.DefaultListableBeanFactory     : Creating shared instance of singleton bean 'attributeBroker'
2026-04-26T11:42:39.962+02:00 DEBUG 80702 --- [sapl] [           main] o.s.b.f.s.DefaultListableBeanFactory     : Creating shared instance of singleton bean 'io.sapl.pdp.configuration.AttributeConfiguration'
2026-04-26T11:42:39.963+02:00 DEBUG 80702 --- [sapl] [           main] o.s.b.f.s.DefaultListableBeanFactory     : Creating shared instance of singleton bean 'attributeRepository'
2026-04-26T11:42:39.963+02:00 DEBUG 80702 --- [sapl] [           main] o.s.b.f.s.DefaultListableBeanFactory     : Creating shared instance of singleton bean 'postgresStorage'
2026-04-26T11:42:39.964+02:00 DEBUG 80702 --- [sapl] [           main] o.s.b.f.s.DefaultListableBeanFactory     : Creating shared instance of singleton bean 'databaseClient'
2026-04-26T11:42:39.964+02:00 DEBUG 80702 --- [sapl] [           main] o.s.b.f.s.DefaultListableBeanFactory     : Creating shared instance of singleton bean 'connectionFactory'
2026-04-26T11:42:39.988+02:00 DEBUG 80702 --- [sapl] [           main] o.s.b.f.s.DefaultListableBeanFactory     : Autowiring by type from bean name 'databaseClient' via factory method to bean named 'connectionFactory'
2026-04-26T11:42:39.999+02:00 DEBUG 80702 --- [sapl] [           main] o.s.b.f.s.DefaultListableBeanFactory     : Creating shared instance of singleton bean 'objectMapper'
2026-04-26T11:42:40.147+02:00 DEBUG 80702 --- [sapl] [           main] o.s.b.f.s.DefaultListableBeanFactory     : Autowiring by type from bean name 'postgresStorage' via factory method to bean named 'databaseClient'
2026-04-26T11:42:40.147+02:00 DEBUG 80702 --- [sapl] [           main] o.s.b.f.s.DefaultListableBeanFactory     : Autowiring by type from bean name 'postgresStorage' via factory method to bean named 'objectMapper'
2026-04-26T11:42:40.149+02:00 DEBUG 80702 --- [sapl] [           main] o.s.b.f.s.DefaultListableBeanFactory     : Autowiring by type from bean name 'attributeRepository' via factory method to bean named 'postgresStorage'
2026-04-26T11:42:40.151+02:00  INFO 80702 --- [sapl] [           main] i.s.a.InMemoryAttributeRepository        : Initializing attribute repository with storage: PostgresAttributeStorage
2026-04-26T11:42:40.151+02:00 DEBUG 80702 --- [sapl] [           main] i.s.a.InMemoryAttributeRepository        : Recovering attribute timeouts from storage...
2026-04-26T11:42:40.466+02:00 DEBUG 80702 --- [sapl] [tor-tcp-epoll-1] o.s.r2dbc.core.DefaultDatabaseClient     : Executing SQL statement [SELECT key, value FROM attributes]
2026-04-26T11:42:40.537+02:00  INFO 80702 --- [sapl] [tor-tcp-epoll-1] i.s.a.InMemoryAttributeRepository        : Removing stale attribute from storage; AttributeKey[entity="bobbey", attributeName=user.tarif, arguments=[]]
2026-04-26T11:42:40.568+02:00 DEBUG 80702 --- [sapl] [tor-tcp-epoll-1] o.s.r2dbc.core.DefaultDatabaseClient     : Executing SQL statement [DELETE FROM attributes WHERE key = :key]
2026-04-26T11:42:40.609+02:00  INFO 80702 --- [sapl] [tor-tcp-epoll-1] i.s.a.InMemoryAttributeRepository        : Removing stale attribute from storage; AttributeKey[entity="bobbeyo", attributeName=user.tarif, arguments=[]]
2026-04-26T11:42:40.622+02:00 DEBUG 80702 --- [sapl] [tor-tcp-epoll-1] o.s.r2dbc.core.DefaultDatabaseClient     : Executing SQL statement [DELETE FROM attributes WHERE key = :key]
2026-04-26T11:42:40.629+02:00  INFO 80702 --- [sapl] [tor-tcp-epoll-1] i.s.a.InMemoryAttributeRepository        : Scheduling timeout for key: AttributeKey[entity="bobby", attributeName=user.nickname, arguments=[]] at deadline: 2026-04-27T17:15:03.717804622Z (delay: PT31H32M23.08855572S)
2026-04-26T11:42:40.632+02:00  INFO 80702 --- [sapl] [tor-tcp-epoll-1] i.s.a.InMemoryAttributeRepository        : Removing stale attribute from storage; AttributeKey[entity="bobber", attributeName=user.nickname, arguments=[]]
2026-04-26T11:42:40.642+02:00 DEBUG 80702 --- [sapl] [tor-tcp-epoll-1] o.s.r2dbc.core.DefaultDatabaseClient     : Executing SQL statement [DELETE FROM attributes WHERE key = :key]
2026-04-26T11:42:40.644+02:00  INFO 80702 --- [sapl] [tor-tcp-epoll-1] i.s.a.InMemoryAttributeRepository        : Removing stale attribute from storage; AttributeKey[entity="alice", attributeName=user.nickname, arguments=[]]
2026-04-26T11:42:40.654+02:00 DEBUG 80702 --- [sapl] [tor-tcp-epoll-1] o.s.r2dbc.core.DefaultDatabaseClient     : Executing SQL statement [DELETE FROM attributes WHERE key = :key]
2026-04-26T11:42:40.656+02:00  INFO 80702 --- [sapl] [tor-tcp-epoll-1] i.s.a.InMemoryAttributeRepository        : Timeout recovery complete. Scheduled: 1, Permanent: 0, Stale: 4
2026-04-26T11:42:40.656+02:00  INFO 80702 --- [sapl] [           main] i.s.a.InMemoryAttributeRepository        : Attribute repository initialized. Scheduled timeouts: 1
2026-04-26T11:42:40.658+02:00 DEBUG 80702 --- [sapl] [           main] o.s.b.f.s.DefaultListableBeanFactory     : Autowiring by type from bean name 'attributeBroker' via factory method to bean named 'attributeRepository'
2026-04-26T11:42:40.660+02:00 DEBUG 80702 --- [sapl] [           main] o.s.b.f.s.DefaultListableBeanFactory     : Autowiring by type from bean name 'pdpComponents' via factory method to bean named 'attributeBroker'
2026-04-26T11:42:40.711+02:00 DEBUG 80702 --- [sapl] [           main] o.s.b.f.s.DefaultListableBeanFactory     : Autowiring by type from bean name 'pdp' via factory method to bean named 'pdpComponents'
2026-04-26T11:42:40.713+02:00 DEBUG 80702 --- [sapl] [           main] o.s.b.f.s.DefaultListableBeanFactory     : Autowiring by type from bean name 'PDPController' via constructor to bean named 'pdp'
2026-04-26T11:42:40.716+02:00 DEBUG 80702 --- [sapl] [           main] o.s.b.f.s.DefaultListableBeanFactory     : Creating shared instance of singleton bean 'saplJacksonAutoConfiguration'
2026-04-26T11:42:40.716+02:00 DEBUG 80702 --- [sapl] [           main] o.s.b.f.s.DefaultListableBeanFactory     : Creating shared instance of singleton bean 'protobufRSocketServerConfiguration'
2026-04-26T11:42:40.716+02:00 DEBUG 80702 --- [sapl] [           main] o.s.b.f.s.DefaultListableBeanFactory     : Creating shared instance of singleton bean 'RSocketPDPController'
2026-04-26T11:42:40.717+02:00 DEBUG 80702 --- [sapl] [           main] o.s.b.f.s.DefaultListableBeanFactory     : Autowiring by type from bean name 'RSocketPDPController' via constructor to bean named 'pdp'
2026-04-26T11:42:40.718+02:00 DEBUG 80702 --- [sapl] [           main] o.s.b.f.s.DefaultListableBeanFactory     : Creating shared instance of singleton bean 'hazelcastConfiguration'
2026-04-26T11:42:40.718+02:00 DEBUG 80702 --- [sapl] [           main] o.s.c.e.PropertySourcesPropertyResolver  : Found key 'io.sapl.hazelcast.enabled' in PropertySource 'environmentProperties' with value of type String
2026-04-26T11:42:40.719+02:00 DEBUG 80702 --- [sapl] [           main] o.s.c.e.PropertySourcesPropertyResolver  : Found key 'io.sapl.hazelcast.cluster-name' in PropertySource 'environmentProperties' with value of type String
2026-04-26T11:42:40.719+02:00 DEBUG 80702 --- [sapl] [           main] o.s.c.e.PropertySourcesPropertyResolver  : Found key 'io.sapl.hazelcast.topic-name' in PropertySource 'environmentProperties' with value of type String
2026-04-26T11:42:40.719+02:00 DEBUG 80702 --- [sapl] [           main] o.s.c.e.PropertySourcesPropertyResolver  : Found key 'io.sapl.hazelcast.network.port' in PropertySource 'environmentProperties' with value of type String
2026-04-26T11:42:40.720+02:00 DEBUG 80702 --- [sapl] [           main] o.s.c.e.PropertySourcesPropertyResolver  : Found key 'io.sapl.hazelcast.discovery.mode' in PropertySource 'environmentProperties' with value of type String
2026-04-26T11:42:40.720+02:00 DEBUG 80702 --- [sapl] [           main] o.s.b.f.s.DefaultListableBeanFactory     : Creating shared instance of singleton bean 'hazelcastNodeId'
2026-04-26T11:42:40.721+02:00 DEBUG 80702 --- [sapl] [           main] o.s.b.f.s.DefaultListableBeanFactory     : Creating shared instance of singleton bean 'hazelcastTopicTest'
2026-04-26T11:42:40.722+02:00 DEBUG 80702 --- [sapl] [           main] o.s.b.f.s.DefaultListableBeanFactory     : Creating shared instance of singleton bean 'hazelcastInstance'
2026-04-26T11:42:40.761+02:00  WARN 80702 --- [sapl] [           main] c.h.i.impl.HazelcastInstanceFactory      : Hazelcast is starting in a Java modular environment (Java 9 and newer) but without proper access to required Java packages. Use additional Java arguments to provide Hazelcast access to Java internal API. The internal API access is used to get the best performance results. Arguments to be used:
 --add-modules java.se --add-exports java.base/jdk.internal.ref=ALL-UNNAMED --add-opens java.base/java.lang=ALL-UNNAMED --add-opens java.base/sun.nio.ch=ALL-UNNAMED --add-opens java.management/sun.management=ALL-UNNAMED --add-opens jdk.management/com.sun.management.internal=ALL-UNNAMED
2026-04-26T11:42:40.802+02:00  INFO 80702 --- [sapl] [           main] com.hazelcast.instance.AddressPicker     : [LOCAL] [sapl-cluster] [5.5.0] Interfaces is disabled, trying to pick one address from TCP-IP config addresses: [127.0.0.1]
2026-04-26T11:42:40.824+02:00  INFO 80702 --- [sapl] [           main] com.hazelcast.system.logo                : [127.0.0.1]:5701 [sapl-cluster] [5.5.0] 
    o    o     o     o---o   o--o o      o---o     o     o----o o--o--o
    |    |    / \       /         |     /         / \    |         |
    o----o       o     o   o----o |    o             o   o----o    |
    |    |  *     \   /           |     \       *     \       |    |
    o    o *       o o---o   o--o o----o o---o *       o o----o    o

2026-04-26T11:42:40.824+02:00  INFO 80702 --- [sapl] [           main] com.hazelcast.system                     : [127.0.0.1]:5701 [sapl-cluster] [5.5.0] Copyright (c) 2008-2024, Hazelcast, Inc. All Rights Reserved.
2026-04-26T11:42:40.825+02:00  INFO 80702 --- [sapl] [           main] com.hazelcast.system                     : [127.0.0.1]:5701 [sapl-cluster] [5.5.0] Hazelcast Platform 5.5.0 (20240725) starting at [127.0.0.1]:5701
2026-04-26T11:42:40.825+02:00  INFO 80702 --- [sapl] [           main] com.hazelcast.system                     : [127.0.0.1]:5701 [sapl-cluster] [5.5.0] Cluster name: sapl-cluster
2026-04-26T11:42:40.825+02:00  INFO 80702 --- [sapl] [           main] com.hazelcast.system                     : [127.0.0.1]:5701 [sapl-cluster] [5.5.0] Integrity Checker is disabled. Fail-fast on corrupted executables will not be performed. For more information, see the documentation for Integrity Checker.
2026-04-26T11:42:40.827+02:00  INFO 80702 --- [sapl] [           main] com.hazelcast.system                     : [127.0.0.1]:5701 [sapl-cluster] [5.5.0] The Jet engine is disabled.
To enable the Jet engine on the members, do one of the following:
  - Change member config using Java API: config.getJetConfig().setEnabled(true)
  - Change XML/YAML configuration property: Set hazelcast.jet.enabled to true
  - Add system property: -Dhz.jet.enabled=true (for Hazelcast embedded, works only when loading config via Config.load)
  - Add environment variable: HZ_JET_ENABLED=true (recommended when running container image. For Hazelcast embedded, works only when loading config via Config.load)
2026-04-26T11:42:41.260+02:00  INFO 80702 --- [sapl] [           main] com.hazelcast.system.security            : [127.0.0.1]:5701 [sapl-cluster] [5.5.0] Enable DEBUG/FINE log level for log category com.hazelcast.system.security  or use -Dhazelcast.security.recommendations system property to see 🔒 security recommendations and the status of current config.
2026-04-26T11:42:41.303+02:00  INFO 80702 --- [sapl] [           main] com.hazelcast.instance.impl.Node         : [127.0.0.1]:5701 [sapl-cluster] [5.5.0] Using TCP/IP discovery
2026-04-26T11:42:41.467+02:00  INFO 80702 --- [sapl] [           main] c.h.internal.diagnostics.Diagnostics     : [127.0.0.1]:5701 [sapl-cluster] [5.5.0] Diagnostics disabled. To enable add -Dhazelcast.diagnostics.enabled=true to the JVM arguments.
2026-04-26T11:42:41.471+02:00  INFO 80702 --- [sapl] [           main] com.hazelcast.core.LifecycleService      : [127.0.0.1]:5701 [sapl-cluster] [5.5.0] [127.0.0.1]:5701 is STARTING
2026-04-26T11:42:41.501+02:00  INFO 80702 --- [sapl] [cached.thread-3] c.h.internal.cluster.impl.TcpIpJoiner    : [127.0.0.1]:5701 [sapl-cluster] [5.5.0] [127.0.0.1]:5703 is added to the blacklist.
2026-04-26T11:42:41.501+02:00  INFO 80702 --- [sapl] [cached.thread-2] c.h.internal.cluster.impl.TcpIpJoiner    : [127.0.0.1]:5701 [sapl-cluster] [5.5.0] [127.0.0.1]:5702 is added to the blacklist.
2026-04-26T11:42:42.496+02:00  INFO 80702 --- [sapl] [           main] c.h.internal.cluster.ClusterService      : [127.0.0.1]:5701 [sapl-cluster] [5.5.0] 

Members {size:1, ver:1} [
	Member [127.0.0.1]:5701 - 34e1ce46-4507-4998-9bfa-001de59db7f1 this
]

2026-04-26T11:42:42.505+02:00  INFO 80702 --- [sapl] [           main] com.hazelcast.core.LifecycleService      : [127.0.0.1]:5701 [sapl-cluster] [5.5.0] [127.0.0.1]:5701 is STARTED
2026-04-26T11:42:42.514+02:00 DEBUG 80702 --- [sapl] [           main] o.s.b.f.s.DefaultListableBeanFactory     : Autowiring by type from bean name 'hazelcastTopicTest' via constructor to bean named 'hazelcastInstance'
2026-04-26T11:42:42.520+02:00 DEBUG 80702 --- [sapl] [           main] o.s.b.f.s.DefaultListableBeanFactory     : Creating shared instance of singleton bean 'metricsVoteInterceptor'
2026-04-26T11:42:42.521+02:00 DEBUG 80702 --- [sapl] [           main] o.s.b.f.s.DefaultListableBeanFactory     : Creating shared instance of singleton bean 'prometheusMeterRegistry'
2026-04-26T11:42:42.521+02:00 DEBUG 80702 --- [sapl] [           main] o.s.b.f.s.DefaultListableBeanFactory     : Creating shared instance of singleton bean 'org.springframework.boot.micrometer.metrics.autoconfigure.export.prometheus.PrometheusMetricsExportAutoConfiguration'
2026-04-26T11:42:42.523+02:00 DEBUG 80702 --- [sapl] [           main] o.s.b.f.s.DefaultListableBeanFactory     : Creating shared instance of singleton bean 'prometheusConfig'
2026-04-26T11:42:42.523+02:00 DEBUG 80702 --- [sapl] [           main] o.s.b.f.s.DefaultListableBeanFactory     : Creating shared instance of singleton bean 'management.prometheus.metrics.export-org.springframework.boot.micrometer.metrics.autoconfigure.export.prometheus.PrometheusProperties'
2026-04-26T11:42:42.526+02:00 DEBUG 80702 --- [sapl] [           main] o.s.b.f.s.DefaultListableBeanFactory     : Autowiring by type from bean name 'prometheusConfig' via factory method to bean named 'management.prometheus.metrics.export-org.springframework.boot.micrometer.metrics.autoconfigure.export.prometheus.PrometheusProperties'
2026-04-26T11:42:42.530+02:00 DEBUG 80702 --- [sapl] [           main] o.s.b.f.s.DefaultListableBeanFactory     : Creating shared instance of singleton bean 'prometheusRegistry'
2026-04-26T11:42:42.533+02:00 DEBUG 80702 --- [sapl] [           main] o.s.b.f.s.DefaultListableBeanFactory     : Creating shared instance of singleton bean 'micrometerClock'
2026-04-26T11:42:42.533+02:00 DEBUG 80702 --- [sapl] [           main] o.s.b.f.s.DefaultListableBeanFactory     : Creating shared instance of singleton bean 'org.springframework.boot.micrometer.metrics.autoconfigure.MetricsAutoConfiguration'
2026-04-26T11:42:42.534+02:00 DEBUG 80702 --- [sapl] [           main] o.s.b.f.s.DefaultListableBeanFactory     : Autowiring by type from bean name 'prometheusMeterRegistry' via factory method to bean named 'prometheusConfig'
2026-04-26T11:42:42.534+02:00 DEBUG 80702 --- [sapl] [           main] o.s.b.f.s.DefaultListableBeanFactory     : Autowiring by type from bean name 'prometheusMeterRegistry' via factory method to bean named 'prometheusRegistry'
2026-04-26T11:42:42.534+02:00 DEBUG 80702 --- [sapl] [           main] o.s.b.f.s.DefaultListableBeanFactory     : Autowiring by type from bean name 'prometheusMeterRegistry' via factory method to bean named 'micrometerClock'
2026-04-26T11:42:42.574+02:00 DEBUG 80702 --- [sapl] [           main] o.s.b.f.s.DefaultListableBeanFactory     : Creating shared instance of singleton bean 'propertiesMeterFilter'
2026-04-26T11:42:42.575+02:00 DEBUG 80702 --- [sapl] [           main] o.s.b.f.s.DefaultListableBeanFactory     : Creating shared instance of singleton bean 'management.metrics-org.springframework.boot.micrometer.metrics.autoconfigure.MetricsProperties'
2026-04-26T11:42:42.577+02:00 DEBUG 80702 --- [sapl] [           main] o.s.b.f.s.DefaultListableBeanFactory     : Autowiring by type from bean name 'propertiesMeterFilter' via factory method to bean named 'management.metrics-org.springframework.boot.micrometer.metrics.autoconfigure.MetricsProperties'
2026-04-26T11:42:42.579+02:00 DEBUG 80702 --- [sapl] [           main] o.s.b.f.s.DefaultListableBeanFactory     : Creating shared instance of singleton bean 'metricsHttpServerUriTagFilter'
2026-04-26T11:42:42.579+02:00 DEBUG 80702 --- [sapl] [           main] o.s.b.f.s.DefaultListableBeanFactory     : Creating shared instance of singleton bean 'org.springframework.boot.webflux.autoconfigure.WebFluxObservationAutoConfiguration'
2026-04-26T11:42:42.580+02:00 DEBUG 80702 --- [sapl] [           main] o.s.b.f.s.DefaultListableBeanFactory     : Creating shared instance of singleton bean 'management.observations-org.springframework.boot.micrometer.observation.autoconfigure.ObservationProperties'
2026-04-26T11:42:42.582+02:00 DEBUG 80702 --- [sapl] [           main] o.s.b.f.s.DefaultListableBeanFactory     : Autowiring by type from bean name 'org.springframework.boot.webflux.autoconfigure.WebFluxObservationAutoConfiguration' via constructor to bean named 'management.observations-org.springframework.boot.micrometer.observation.autoconfigure.ObservationProperties'
2026-04-26T11:42:42.583+02:00 DEBUG 80702 --- [sapl] [           main] o.s.b.f.s.DefaultListableBeanFactory     : Autowiring by type from bean name 'metricsHttpServerUriTagFilter' via factory method to bean named 'management.metrics-org.springframework.boot.micrometer.metrics.autoconfigure.MetricsProperties'
2026-04-26T11:42:42.587+02:00 DEBUG 80702 --- [sapl] [           main] o.s.b.f.s.DefaultListableBeanFactory     : Autowiring by type from bean name 'metricsVoteInterceptor' via factory method to bean named 'prometheusMeterRegistry'
2026-04-26T11:42:42.599+02:00 DEBUG 80702 --- [sapl] [           main] o.s.b.f.s.DefaultListableBeanFactory     : Creating shared instance of singleton bean 'rsocketConnectionAuthenticator'
2026-04-26T11:42:42.600+02:00 DEBUG 80702 --- [sapl] [           main] o.s.b.f.s.DefaultListableBeanFactory     : Creating shared instance of singleton bean 'reactiveWebClient'
2026-04-26T11:42:42.600+02:00 DEBUG 80702 --- [sapl] [           main] o.s.b.f.s.DefaultListableBeanFactory     : Creating shared instance of singleton bean 'jacksonJsonMapper'
2026-04-26T11:42:42.600+02:00 DEBUG 80702 --- [sapl] [           main] o.s.b.f.s.DefaultListableBeanFactory     : Creating shared instance of singleton bean 'org.springframework.boot.jackson.autoconfigure.JacksonAutoConfiguration'
2026-04-26T11:42:42.602+02:00 DEBUG 80702 --- [sapl] [           main] o.s.b.f.s.DefaultListableBeanFactory     : Creating shared instance of singleton bean 'problemDetailJsonMapperBuilderCustomizer'
2026-04-26T11:42:42.602+02:00 DEBUG 80702 --- [sapl] [           main] o.s.b.f.s.DefaultListableBeanFactory     : Creating shared instance of singleton bean 'org.springframework.boot.jackson.autoconfigure.JacksonAutoConfiguration$JsonProblemDetailsConfiguration'
2026-04-26T11:42:42.603+02:00 DEBUG 80702 --- [sapl] [           main] o.s.b.f.s.DefaultListableBeanFactory     : Creating shared instance of singleton bean 'standardJsonMapperBuilderCustomizer'
2026-04-26T11:42:42.603+02:00 DEBUG 80702 --- [sapl] [           main] o.s.b.f.s.DefaultListableBeanFactory     : Creating shared instance of singleton bean 'org.springframework.boot.jackson.autoconfigure.JacksonAutoConfiguration$JacksonJsonMapperBuilderCustomizerConfiguration'
2026-04-26T11:42:42.604+02:00 DEBUG 80702 --- [sapl] [           main] o.s.b.f.s.DefaultListableBeanFactory     : Creating shared instance of singleton bean 'spring.jackson-org.springframework.boot.jackson.autoconfigure.JacksonProperties'
2026-04-26T11:42:42.606+02:00 DEBUG 80702 --- [sapl] [           main] o.s.b.f.s.DefaultListableBeanFactory     : Autowiring by type from bean name 'standardJsonMapperBuilderCustomizer' via factory method to bean named 'spring.jackson-org.springframework.boot.jackson.autoconfigure.JacksonProperties'
2026-04-26T11:42:42.607+02:00 DEBUG 80702 --- [sapl] [           main] o.s.b.f.s.DefaultListableBeanFactory     : Creating shared instance of singleton bean 'saplJacksonModule'
2026-04-26T11:42:42.612+02:00 DEBUG 80702 --- [sapl] [           main] o.s.b.f.s.DefaultListableBeanFactory     : Creating shared instance of singleton bean 'jacksonMixinModule'
2026-04-26T11:42:42.612+02:00 DEBUG 80702 --- [sapl] [           main] o.s.b.f.s.DefaultListableBeanFactory     : Creating shared instance of singleton bean 'org.springframework.boot.jackson.autoconfigure.JacksonAutoConfiguration$JacksonMixinConfiguration'
2026-04-26T11:42:42.613+02:00 DEBUG 80702 --- [sapl] [           main] o.s.b.f.s.DefaultListableBeanFactory     : Creating shared instance of singleton bean 'jacksonMixinModuleEntries'
2026-04-26T11:42:42.613+02:00 DEBUG 80702 --- [sapl] [           main] o.s.b.f.s.DefaultListableBeanFactory     : Autowiring by type from bean name 'jacksonMixinModuleEntries' via factory method to bean named 'org.springframework.boot.web.server.reactive.context.AnnotationConfigReactiveWebServerApplicationContext@7cedfa63'
2026-04-26T11:42:42.616+02:00 DEBUG 80702 --- [sapl] [           main] o.s.b.f.s.DefaultListableBeanFactory     : Autowiring by type from bean name 'jacksonMixinModule' via factory method to bean named 'org.springframework.boot.web.server.reactive.context.AnnotationConfigReactiveWebServerApplicationContext@7cedfa63'
2026-04-26T11:42:42.616+02:00 DEBUG 80702 --- [sapl] [           main] o.s.b.f.s.DefaultListableBeanFactory     : Autowiring by type from bean name 'jacksonMixinModule' via factory method to bean named 'jacksonMixinModuleEntries'
2026-04-26T11:42:42.617+02:00 DEBUG 80702 --- [sapl] [           main] o.s.b.f.s.DefaultListableBeanFactory     : Creating shared instance of singleton bean 'jsonComponentModule'
2026-04-26T11:42:42.620+02:00 DEBUG 80702 --- [sapl] [           main] o.s.b.f.s.DefaultListableBeanFactory     : Creating shared instance of singleton bean 'saplReactiveJacksonModule'
2026-04-26T11:42:42.620+02:00 DEBUG 80702 --- [sapl] [           main] o.s.b.f.s.DefaultListableBeanFactory     : Creating shared instance of singleton bean 'io.sapl.spring.config.ObjectMapperAutoConfiguration'
2026-04-26T11:42:42.622+02:00 DEBUG 80702 --- [sapl] [           main] o.s.b.f.s.DefaultListableBeanFactory     : Autowiring by type from bean name 'jsonMapperBuilder' via factory method to bean named 'problemDetailJsonMapperBuilderCustomizer'
2026-04-26T11:42:42.623+02:00 DEBUG 80702 --- [sapl] [           main] o.s.b.f.s.DefaultListableBeanFactory     : Autowiring by type from bean name 'jsonMapperBuilder' via factory method to bean named 'standardJsonMapperBuilderCustomizer'
2026-04-26T11:42:42.627+02:00 DEBUG 80702 --- [sapl] [           main] o.s.b.f.s.DefaultListableBeanFactory     : Autowiring by type from bean name 'jacksonJsonMapper' via factory method to bean named 'jsonMapperBuilder'
2026-04-26T11:42:42.634+02:00 DEBUG 80702 --- [sapl] [           main] o.s.b.f.s.DefaultListableBeanFactory     : Autowiring by type from bean name 'reactiveWebClient' via factory method to bean named 'jacksonJsonMapper'
2026-04-26T11:42:42.639+02:00 DEBUG 80702 --- [sapl] [           main] o.s.b.f.s.DefaultListableBeanFactory     : Creating shared instance of singleton bean 'traccarPolicyInformationPoint'
2026-04-26T11:42:42.639+02:00 DEBUG 80702 --- [sapl] [           main] o.s.b.f.s.DefaultListableBeanFactory     : Autowiring by type from bean name 'traccarPolicyInformationPoint' via factory method to bean named 'reactiveWebClient'
2026-04-26T11:42:42.642+02:00 DEBUG 80702 --- [sapl] [           main] o.s.b.f.s.DefaultListableBeanFactory     : Creating shared instance of singleton bean 'mqttPolicyInformationPoint'
2026-04-26T11:42:42.644+02:00 DEBUG 80702 --- [sapl] [           main] o.s.b.f.s.DefaultListableBeanFactory     : Creating shared instance of singleton bean 'extensionFunctionLibraries'
2026-04-26T11:42:42.644+02:00 DEBUG 80702 --- [sapl] [           main] o.s.b.f.s.DefaultListableBeanFactory     : Creating shared instance of singleton bean 'org.springframework.security.config.annotation.web.reactive.ServerHttpSecurityConfiguration'
2026-04-26T11:42:42.646+02:00 DEBUG 80702 --- [sapl] [           main] o.s.b.f.s.DefaultListableBeanFactory     : Creating shared instance of singleton bean 'webFluxAdapterRegistry'
2026-04-26T11:42:42.647+02:00 DEBUG 80702 --- [sapl] [           main] o.s.b.f.s.DefaultListableBeanFactory     : Creating shared instance of singleton bean 'org.springframework.boot.webflux.autoconfigure.WebFluxAutoConfiguration$EnableWebFluxConfiguration'
2026-04-26T11:42:42.647+02:00 DEBUG 80702 --- [sapl] [           main] o.s.b.f.s.DefaultListableBeanFactory     : Creating shared instance of singleton bean 'spring.webflux-org.springframework.boot.webflux.autoconfigure.WebFluxProperties'
2026-04-26T11:42:42.649+02:00 DEBUG 80702 --- [sapl] [           main] o.s.b.f.s.DefaultListableBeanFactory     : Creating shared instance of singleton bean 'spring.web-org.springframework.boot.autoconfigure.web.WebProperties'
2026-04-26T11:42:42.651+02:00 DEBUG 80702 --- [sapl] [           main] o.s.b.f.s.DefaultListableBeanFactory     : Autowiring by type from bean name 'org.springframework.boot.webflux.autoconfigure.WebFluxAutoConfiguration$EnableWebFluxConfiguration' via constructor to bean named 'spring.webflux-org.springframework.boot.webflux.autoconfigure.WebFluxProperties'
2026-04-26T11:42:42.651+02:00 DEBUG 80702 --- [sapl] [           main] o.s.b.f.s.DefaultListableBeanFactory     : Autowiring by type from bean name 'org.springframework.boot.webflux.autoconfigure.WebFluxAutoConfiguration$EnableWebFluxConfiguration' via constructor to bean named 'spring.web-org.springframework.boot.autoconfigure.web.WebProperties'
2026-04-26T11:42:42.651+02:00 DEBUG 80702 --- [sapl] [           main] o.s.b.f.s.DefaultListableBeanFactory     : Autowiring by type from bean name 'org.springframework.boot.webflux.autoconfigure.WebFluxAutoConfiguration$EnableWebFluxConfiguration' via constructor to bean named 'server-org.springframework.boot.web.server.autoconfigure.ServerProperties'
2026-04-26T11:42:42.654+02:00 DEBUG 80702 --- [sapl] [           main] o.s.b.f.s.DefaultListableBeanFactory     : Creating shared instance of singleton bean 'authenticationPrincipalArgumentResolverConfigurer'
2026-04-26T11:42:42.655+02:00 DEBUG 80702 --- [sapl] [           main] o.s.b.f.s.DefaultListableBeanFactory     : Creating shared instance of singleton bean 'org.springframework.security.config.annotation.web.reactive.ReactiveOAuth2ClientConfiguration$OAuth2ClientWebFluxSecurityConfiguration'
2026-04-26T11:42:42.655+02:00 DEBUG 80702 --- [sapl] [           main] o.s.b.f.s.DefaultListableBeanFactory     : Autowiring by type from bean name 'org.springframework.security.config.annotation.web.reactive.ReactiveOAuth2ClientConfiguration$OAuth2ClientWebFluxSecurityConfiguration' via constructor to bean named 'authorizedClientManagerRegistrar'
2026-04-26T11:42:42.656+02:00 DEBUG 80702 --- [sapl] [           main] o.s.b.f.s.DefaultListableBeanFactory     : Creating shared instance of singleton bean 'org.springframework.boot.webflux.autoconfigure.WebFluxAutoConfiguration$WebFluxConfig'
2026-04-26T11:42:42.658+02:00 DEBUG 80702 --- [sapl] [           main] o.s.b.f.s.DefaultListableBeanFactory     : Autowiring by type from bean name 'org.springframework.boot.webflux.autoconfigure.WebFluxAutoConfiguration$WebFluxConfig' via constructor to bean named 'environment'
2026-04-26T11:42:42.658+02:00 DEBUG 80702 --- [sapl] [           main] o.s.b.f.s.DefaultListableBeanFactory     : Autowiring by type from bean name 'org.springframework.boot.webflux.autoconfigure.WebFluxAutoConfiguration$WebFluxConfig' via constructor to bean named 'spring.web-org.springframework.boot.autoconfigure.web.WebProperties'
2026-04-26T11:42:42.659+02:00 DEBUG 80702 --- [sapl] [           main] o.s.b.f.s.DefaultListableBeanFactory     : Autowiring by type from bean name 'org.springframework.boot.webflux.autoconfigure.WebFluxAutoConfiguration$WebFluxConfig' via constructor to bean named 'spring.webflux-org.springframework.boot.webflux.autoconfigure.WebFluxProperties'
2026-04-26T11:42:42.659+02:00 DEBUG 80702 --- [sapl] [           main] o.s.b.f.s.DefaultListableBeanFactory     : Autowiring by type from bean name 'org.springframework.boot.webflux.autoconfigure.WebFluxAutoConfiguration$WebFluxConfig' via constructor to bean named 'org.springframework.beans.factory.support.DefaultListableBeanFactory@67b7c170'
2026-04-26T11:42:42.669+02:00 DEBUG 80702 --- [sapl] [           main] o.s.b.f.s.DefaultListableBeanFactory     : Creating shared instance of singleton bean 'saplUserDetailsService'
2026-04-26T11:42:42.671+02:00 DEBUG 80702 --- [sapl] [           main] o.s.b.f.s.DefaultListableBeanFactory     : Creating shared instance of singleton bean 'reactiveUserDetailsPasswordService'
2026-04-26T11:42:42.673+02:00 DEBUG 80702 --- [sapl] [           main] o.s.b.f.s.DefaultListableBeanFactory     : Creating shared instance of singleton bean 'reactiveAuthenticationManagerPostProcessor'
2026-04-26T11:42:42.676+02:00 DEBUG 80702 --- [sapl] [           main] o.s.b.f.s.DefaultListableBeanFactory     : Creating shared instance of singleton bean 'authenticationPrincipalArgumentResolver'
2026-04-26T11:42:42.683+02:00 DEBUG 80702 --- [sapl] [           main] o.s.b.f.s.DefaultListableBeanFactory     : Creating shared instance of singleton bean 'reactiveCurrentSecurityContextArgumentResolver'
2026-04-26T11:42:42.684+02:00 DEBUG 80702 --- [sapl] [           main] o.s.b.f.s.DefaultListableBeanFactory     : Creating shared instance of singleton bean 'org.springframework.security.config.annotation.web.reactive.WebFluxSecurityConfiguration'
2026-04-26T11:42:42.685+02:00 DEBUG 80702 --- [sapl] [           main] o.s.b.f.s.DefaultListableBeanFactory     : Creating shared instance of singleton bean 'securityFilterChainLocal'
2026-04-26T11:42:42.686+02:00 DEBUG 80702 --- [sapl] [           main] o.s.b.f.s.DefaultListableBeanFactory     : Autowiring by type from bean name 'org.springframework.security.config.annotation.web.reactive.HttpSecurityConfiguration.httpSecurity' via factory method to bean named 'org.springframework.boot.web.server.reactive.context.AnnotationConfigReactiveWebServerApplicationContext@7cedfa63'
2026-04-26T11:42:42.724+02:00 DEBUG 80702 --- [sapl] [           main] o.s.b.f.s.DefaultListableBeanFactory     : Creating shared instance of singleton bean 'observationRegistry'
2026-04-26T11:42:42.724+02:00 DEBUG 80702 --- [sapl] [           main] o.s.b.f.s.DefaultListableBeanFactory     : Creating shared instance of singleton bean 'org.springframework.boot.micrometer.observation.autoconfigure.ObservationAutoConfiguration'
2026-04-26T11:42:42.727+02:00 DEBUG 80702 --- [sapl] [           main] o.s.b.f.s.DefaultListableBeanFactory     : Creating shared instance of singleton bean 'propertiesObservationFilter'
2026-04-26T11:42:42.728+02:00 DEBUG 80702 --- [sapl] [           main] o.s.b.f.s.DefaultListableBeanFactory     : Autowiring by type from bean name 'propertiesObservationFilter' via factory method to bean named 'management.observations-org.springframework.boot.micrometer.observation.autoconfigure.ObservationProperties'
2026-04-26T11:42:42.732+02:00 DEBUG 80702 --- [sapl] [           main] o.s.b.f.s.DefaultListableBeanFactory     : Creating shared instance of singleton bean 'metricsObservationHandlerGroup'
2026-04-26T11:42:42.734+02:00 DEBUG 80702 --- [sapl] [           main] o.s.b.f.s.DefaultListableBeanFactory     : Creating shared instance of singleton bean 'defaultMeterObservationHandler'
2026-04-26T11:42:42.734+02:00 DEBUG 80702 --- [sapl] [           main] o.s.b.f.s.DefaultListableBeanFactory     : Autowiring by type from bean name 'defaultMeterObservationHandler' via factory method to bean named 'micrometerClock'
2026-04-26T11:42:42.734+02:00 DEBUG 80702 --- [sapl] [           main] o.s.b.f.s.DefaultListableBeanFactory     : Autowiring by type from bean name 'defaultMeterObservationHandler' via factory method to bean named 'management.metrics-org.springframework.boot.micrometer.metrics.autoconfigure.MetricsProperties'
2026-04-26T11:42:42.777+02:00 DEBUG 80702 --- [sapl] [           main] o.s.b.f.s.DefaultListableBeanFactory     : Autowiring by type from bean name 'securityFilterChainLocal' via factory method to bean named 'org.springframework.security.config.annotation.web.reactive.HttpSecurityConfiguration.httpSecurity'
2026-04-26T11:42:42.777+02:00  WARN 80702 --- [sapl] [           main] io.sapl.node.SecurityConfiguration       : Server has been configured to reply to requests without authentication.
2026-04-26T11:42:42.779+02:00 DEBUG 80702 --- [sapl] [           main] o.s.b.f.s.DefaultListableBeanFactory     : Creating shared instance of singleton bean 'webAuthorizationManagerPostProcessor'
2026-04-26T11:42:42.780+02:00 DEBUG 80702 --- [sapl] [           main] o.s.b.f.s.DefaultListableBeanFactory     : Creating shared instance of singleton bean 'requestMappingHandlerMapping'
2026-04-26T11:42:42.782+02:00 DEBUG 80702 --- [sapl] [           main] o.s.b.f.s.DefaultListableBeanFactory     : Creating shared instance of singleton bean 'webFluxContentTypeResolver'
2026-04-26T11:42:42.783+02:00 DEBUG 80702 --- [sapl] [           main] o.s.b.f.s.DefaultListableBeanFactory     : Creating shared instance of singleton bean 'webFluxApiVersionStrategy'
2026-04-26T11:42:42.787+02:00 DEBUG 80702 --- [sapl] [           main] o.s.b.f.s.DefaultListableBeanFactory     : Autowiring by type from bean name 'requestMappingHandlerMapping' via factory method to bean named 'webFluxContentTypeResolver'
2026-04-26T11:42:42.787+02:00 DEBUG 80702 --- [sapl] [           main] o.s.b.f.s.DefaultListableBeanFactory     : Autowiring by type from bean name 'requestMappingHandlerMapping' via factory method to bean named 'webFluxApiVersionStrategy'
2026-04-26T11:42:42.817+02:00 DEBUG 80702 --- [sapl] [           main] s.w.r.r.m.a.RequestMappingHandlerMapping : 10 mappings in 'requestMappingHandlerMapping'
2026-04-26T11:42:42.830+02:00 DEBUG 80702 --- [sapl] [           main] o.s.b.f.s.DefaultListableBeanFactory     : Creating shared instance of singleton bean 'filterChainDecoratorPostProcessor'
2026-04-26T11:42:42.831+02:00 DEBUG 80702 --- [sapl] [           main] o.s.b.f.s.DefaultListableBeanFactory     : Creating shared instance of singleton bean 'org.springframework.security.config.annotation.web.reactive.WebFluxSecurityConfiguration.WebFilterChainFilter'
2026-04-26T11:42:42.836+02:00 DEBUG 80702 --- [sapl] [           main] o.s.b.f.s.DefaultListableBeanFactory     : Creating shared instance of singleton bean 'requestDataValueProcessor'
2026-04-26T11:42:42.837+02:00 DEBUG 80702 --- [sapl] [           main] o.s.b.f.s.DefaultListableBeanFactory     : Creating shared instance of singleton bean 'org.springframework.security.config.annotation.web.reactive.ReactiveOAuth2ClientConfiguration'
2026-04-26T11:42:42.837+02:00 DEBUG 80702 --- [sapl] [           main] o.s.b.f.s.DefaultListableBeanFactory     : Creating shared instance of singleton bean 'org.springframework.security.config.annotation.web.reactive.ReactiveObservationConfiguration'
2026-04-26T11:42:42.838+02:00 DEBUG 80702 --- [sapl] [           main] o.s.b.f.s.DefaultListableBeanFactory     : Creating shared instance of singleton bean 'pdpIdExtractor'
2026-04-26T11:42:42.838+02:00 DEBUG 80702 --- [sapl] [           main] o.s.b.f.s.DefaultListableBeanFactory     : Creating shared instance of singleton bean 'jwtDecoder'
2026-04-26T11:42:42.838+02:00 DEBUG 80702 --- [sapl] [           main] o.s.b.f.s.DefaultListableBeanFactory     : Creating shared instance of singleton bean 'protobufRSocketServer'
2026-04-26T11:42:42.840+02:00 DEBUG 80702 --- [sapl] [           main] o.s.b.f.s.DefaultListableBeanFactory     : Autowiring by type from bean name 'protobufRSocketServer' via factory method to bean named 'pdp'
2026-04-26T11:42:42.840+02:00 DEBUG 80702 --- [sapl] [           main] o.s.b.f.s.DefaultListableBeanFactory     : Autowiring by type from bean name 'protobufRSocketServer' via factory method to bean named 'rsocketConnectionAuthenticator'
2026-04-26T11:42:42.843+02:00 DEBUG 80702 --- [sapl] [           main] o.s.b.f.s.DefaultListableBeanFactory     : Creating shared instance of singleton bean 'io.sapl.attributes.push.AttributePushController'
2026-04-26T11:42:42.843+02:00 DEBUG 80702 --- [sapl] [           main] o.s.b.f.s.DefaultListableBeanFactory     : Autowiring by type from bean name 'io.sapl.attributes.push.AttributePushController' via constructor to bean named 'attributeRepository'
2026-04-26T11:42:42.843+02:00 DEBUG 80702 --- [sapl] [           main] o.s.b.f.s.DefaultListableBeanFactory     : Autowiring by type from bean name 'io.sapl.attributes.push.AttributePushController' via constructor to bean named 'hazelcastNodeId'
2026-04-26T11:42:42.844+02:00 DEBUG 80702 --- [sapl] [           main] o.s.b.f.s.DefaultListableBeanFactory     : Creating shared instance of singleton bean 'org.springframework.boot.autoconfigure.context.PropertyPlaceholderAutoConfiguration'
2026-04-26T11:42:42.844+02:00 DEBUG 80702 --- [sapl] [           main] o.s.b.f.s.DefaultListableBeanFactory     : Creating shared instance of singleton bean 'org.springframework.boot.jackson.autoconfigure.JacksonAutoConfiguration$XmlConfiguration$XmlProblemDetailsConfiguration'
2026-04-26T11:42:42.845+02:00 DEBUG 80702 --- [sapl] [           main] o.s.b.f.s.DefaultListableBeanFactory     : Creating shared instance of singleton bean 'problemDetailXmlMapperBuilderCustomizer'
2026-04-26T11:42:42.845+02:00 DEBUG 80702 --- [sapl] [           main] o.s.b.f.s.DefaultListableBeanFactory     : Creating shared instance of singleton bean 'org.springframework.boot.jackson.autoconfigure.JacksonAutoConfiguration$XmlConfiguration'
2026-04-26T11:42:42.845+02:00 DEBUG 80702 --- [sapl] [           main] o.s.b.f.s.DefaultListableBeanFactory     : Creating shared instance of singleton bean 'xmlMapper'
2026-04-26T11:42:42.846+02:00 DEBUG 80702 --- [sapl] [           main] o.s.b.f.s.DefaultListableBeanFactory     : Creating shared instance of singleton bean 'standardXmlMapperBuilderCustomizer'
2026-04-26T11:42:42.846+02:00 DEBUG 80702 --- [sapl] [           main] o.s.b.f.s.DefaultListableBeanFactory     : Creating shared instance of singleton bean 'spring.jackson.xml-org.springframework.boot.jackson.autoconfigure.JacksonXmlProperties'
2026-04-26T11:42:42.848+02:00 DEBUG 80702 --- [sapl] [           main] o.s.b.f.s.DefaultListableBeanFactory     : Autowiring by type from bean name 'standardXmlMapperBuilderCustomizer' via factory method to bean named 'spring.jackson-org.springframework.boot.jackson.autoconfigure.JacksonProperties'
2026-04-26T11:42:42.848+02:00 DEBUG 80702 --- [sapl] [           main] o.s.b.f.s.DefaultListableBeanFactory     : Autowiring by type from bean name 'standardXmlMapperBuilderCustomizer' via factory method to bean named 'spring.jackson.xml-org.springframework.boot.jackson.autoconfigure.JacksonXmlProperties'
2026-04-26T11:42:42.850+02:00 DEBUG 80702 --- [sapl] [           main] o.s.b.f.s.DefaultListableBeanFactory     : Autowiring by type from bean name 'xmlMapperBuilder' via factory method to bean named 'problemDetailXmlMapperBuilderCustomizer'
2026-04-26T11:42:42.850+02:00 DEBUG 80702 --- [sapl] [           main] o.s.b.f.s.DefaultListableBeanFactory     : Autowiring by type from bean name 'xmlMapperBuilder' via factory method to bean named 'standardXmlMapperBuilderCustomizer'
2026-04-26T11:42:42.872+02:00 DEBUG 80702 --- [sapl] [           main] o.s.b.f.s.DefaultListableBeanFactory     : Autowiring by type from bean name 'xmlMapper' via factory method to bean named 'xmlMapperBuilder'
2026-04-26T11:42:42.877+02:00 DEBUG 80702 --- [sapl] [           main] o.s.b.f.s.DefaultListableBeanFactory     : Creating shared instance of singleton bean 'org.springframework.boot.jackson.autoconfigure.JacksonAutoConfiguration$CborConfiguration'
2026-04-26T11:42:42.877+02:00 DEBUG 80702 --- [sapl] [           main] o.s.b.f.s.DefaultListableBeanFactory     : Creating shared instance of singleton bean 'cborMapper'
2026-04-26T11:42:42.878+02:00 DEBUG 80702 --- [sapl] [           main] o.s.b.f.s.DefaultListableBeanFactory     : Creating shared instance of singleton bean 'standardCborMapperBuilderCustomizer'
2026-04-26T11:42:42.878+02:00 DEBUG 80702 --- [sapl] [           main] o.s.b.f.s.DefaultListableBeanFactory     : Creating shared instance of singleton bean 'spring.jackson.cbor-org.springframework.boot.jackson.autoconfigure.JacksonCborProperties'
2026-04-26T11:42:42.880+02:00 DEBUG 80702 --- [sapl] [           main] o.s.b.f.s.DefaultListableBeanFactory     : Autowiring by type from bean name 'standardCborMapperBuilderCustomizer' via factory method to bean named 'spring.jackson-org.springframework.boot.jackson.autoconfigure.JacksonProperties'
2026-04-26T11:42:42.880+02:00 DEBUG 80702 --- [sapl] [           main] o.s.b.f.s.DefaultListableBeanFactory     : Autowiring by type from bean name 'standardCborMapperBuilderCustomizer' via factory method to bean named 'spring.jackson.cbor-org.springframework.boot.jackson.autoconfigure.JacksonCborProperties'
2026-04-26T11:42:42.881+02:00 DEBUG 80702 --- [sapl] [           main] o.s.b.f.s.DefaultListableBeanFactory     : Autowiring by type from bean name 'cborMapperBuilder' via factory method to bean named 'standardCborMapperBuilderCustomizer'
2026-04-26T11:42:42.886+02:00 DEBUG 80702 --- [sapl] [           main] o.s.b.f.s.DefaultListableBeanFactory     : Autowiring by type from bean name 'cborMapper' via factory method to bean named 'cborMapperBuilder'
2026-04-26T11:42:42.889+02:00 DEBUG 80702 --- [sapl] [           main] o.s.b.f.s.DefaultListableBeanFactory     : Creating shared instance of singleton bean 'org.springframework.boot.http.codec.autoconfigure.CodecsAutoConfiguration$DefaultCodecsConfiguration'
2026-04-26T11:42:42.889+02:00 DEBUG 80702 --- [sapl] [           main] o.s.b.f.s.DefaultListableBeanFactory     : Creating shared instance of singleton bean 'defaultCodecCustomizer'
2026-04-26T11:42:42.889+02:00 DEBUG 80702 --- [sapl] [           main] o.s.b.f.s.DefaultListableBeanFactory     : Creating shared instance of singleton bean 'spring.http.codecs-org.springframework.boot.http.codec.autoconfigure.HttpCodecsProperties'
2026-04-26T11:42:42.890+02:00 DEBUG 80702 --- [sapl] [           main] o.s.b.f.s.DefaultListableBeanFactory     : Autowiring by type from bean name 'defaultCodecCustomizer' via factory method to bean named 'spring.http.codecs-org.springframework.boot.http.codec.autoconfigure.HttpCodecsProperties'
2026-04-26T11:42:42.891+02:00 DEBUG 80702 --- [sapl] [           main] o.s.b.f.s.DefaultListableBeanFactory     : Creating shared instance of singleton bean 'org.springframework.boot.http.codec.autoconfigure.CodecsAutoConfiguration$JacksonJsonCodecConfiguration'
2026-04-26T11:42:42.891+02:00 DEBUG 80702 --- [sapl] [           main] o.s.b.f.s.DefaultListableBeanFactory     : Creating shared instance of singleton bean 'jacksonCodecCustomizer'
2026-04-26T11:42:42.891+02:00 DEBUG 80702 --- [sapl] [           main] o.s.b.f.s.DefaultListableBeanFactory     : Autowiring by type from bean name 'jacksonCodecCustomizer' via factory method to bean named 'jacksonJsonMapper'
2026-04-26T11:42:42.892+02:00 DEBUG 80702 --- [sapl] [           main] o.s.b.f.s.DefaultListableBeanFactory     : Creating shared instance of singleton bean 'org.springframework.boot.http.codec.autoconfigure.CodecsAutoConfiguration'
2026-04-26T11:42:42.892+02:00 DEBUG 80702 --- [sapl] [           main] o.s.b.f.s.DefaultListableBeanFactory     : Creating shared instance of singleton bean 'org.springframework.boot.validation.autoconfigure.ValidationAutoConfiguration'
2026-04-26T11:42:42.892+02:00 DEBUG 80702 --- [sapl] [           main] o.s.b.f.s.DefaultListableBeanFactory     : Creating shared instance of singleton bean 'defaultValidator'
2026-04-26T11:42:42.893+02:00 DEBUG 80702 --- [sapl] [           main] o.s.b.f.s.DefaultListableBeanFactory     : Autowiring by type from bean name 'defaultValidator' via factory method to bean named 'org.springframework.boot.web.server.reactive.context.AnnotationConfigReactiveWebServerApplicationContext@7cedfa63'
2026-04-26T11:42:42.899+02:00 DEBUG 80702 --- [sapl] [           main] o.s.b.f.s.DefaultListableBeanFactory     : Creating shared instance of singleton bean 'org.springframework.boot.webflux.autoconfigure.ReactiveMultipartAutoConfiguration'
2026-04-26T11:42:42.899+02:00 DEBUG 80702 --- [sapl] [           main] o.s.b.f.s.DefaultListableBeanFactory     : Creating shared instance of singleton bean 'defaultPartHttpMessageReaderCustomizer'
2026-04-26T11:42:42.899+02:00 DEBUG 80702 --- [sapl] [           main] o.s.b.f.s.DefaultListableBeanFactory     : Creating shared instance of singleton bean 'spring.webflux.multipart-org.springframework.boot.webflux.autoconfigure.ReactiveMultipartProperties'
2026-04-26T11:42:42.900+02:00 DEBUG 80702 --- [sapl] [           main] o.s.b.f.s.DefaultListableBeanFactory     : Autowiring by type from bean name 'defaultPartHttpMessageReaderCustomizer' via factory method to bean named 'spring.webflux.multipart-org.springframework.boot.webflux.autoconfigure.ReactiveMultipartProperties'
2026-04-26T11:42:42.901+02:00 DEBUG 80702 --- [sapl] [           main] o.s.b.f.s.DefaultListableBeanFactory     : Creating shared instance of singleton bean 'org.springframework.boot.webflux.autoconfigure.WebSessionIdResolverAutoConfiguration'
2026-04-26T11:42:42.901+02:00 DEBUG 80702 --- [sapl] [           main] o.s.b.f.s.DefaultListableBeanFactory     : Autowiring by type from bean name 'org.springframework.boot.webflux.autoconfigure.WebSessionIdResolverAutoConfiguration' via constructor to bean named 'server-org.springframework.boot.web.server.autoconfigure.ServerProperties'
2026-04-26T11:42:42.901+02:00 DEBUG 80702 --- [sapl] [           main] o.s.b.f.s.DefaultListableBeanFactory     : Autowiring by type from bean name 'org.springframework.boot.webflux.autoconfigure.WebSessionIdResolverAutoConfiguration' via constructor to bean named 'spring.webflux-org.springframework.boot.webflux.autoconfigure.WebFluxProperties'
2026-04-26T11:42:42.901+02:00 DEBUG 80702 --- [sapl] [           main] o.s.b.f.s.DefaultListableBeanFactory     : Creating shared instance of singleton bean 'webSessionIdResolver'
2026-04-26T11:42:42.902+02:00 DEBUG 80702 --- [sapl] [           main] o.s.b.f.s.DefaultListableBeanFactory     : Creating shared instance of singleton bean 'org.springframework.boot.webflux.autoconfigure.error.ErrorWebFluxAutoConfiguration'
2026-04-26T11:42:42.903+02:00 DEBUG 80702 --- [sapl] [           main] o.s.b.f.s.DefaultListableBeanFactory     : Creating shared instance of singleton bean 'errorWebExceptionHandler'
2026-04-26T11:42:42.903+02:00 DEBUG 80702 --- [sapl] [           main] o.s.b.f.s.DefaultListableBeanFactory     : Creating shared instance of singleton bean 'errorAttributes'
2026-04-26T11:42:42.904+02:00 DEBUG 80702 --- [sapl] [           main] o.s.b.f.s.DefaultListableBeanFactory     : Creating shared instance of singleton bean 'serverCodecConfigurer'
2026-04-26T11:42:42.944+02:00 DEBUG 80702 --- [sapl] [           main] o.s.b.f.s.DefaultListableBeanFactory     : Creating shared instance of singleton bean 'endpointJsonMapper'
2026-04-26T11:42:42.944+02:00 DEBUG 80702 --- [sapl] [           main] o.s.b.f.s.DefaultListableBeanFactory     : Creating shared instance of singleton bean 'org.springframework.boot.actuate.autoconfigure.endpoint.jackson.JacksonEndpointAutoConfiguration'
2026-04-26T11:42:42.946+02:00 DEBUG 80702 --- [sapl] [           main] o.s.b.f.s.DefaultListableBeanFactory     : Autowiring by type from bean name 'errorWebExceptionHandler' via factory method to bean named 'errorAttributes'
2026-04-26T11:42:42.947+02:00 DEBUG 80702 --- [sapl] [           main] o.s.b.f.s.DefaultListableBeanFactory     : Autowiring by type from bean name 'errorWebExceptionHandler' via factory method to bean named 'spring.web-org.springframework.boot.autoconfigure.web.WebProperties'
2026-04-26T11:42:42.947+02:00 DEBUG 80702 --- [sapl] [           main] o.s.b.f.s.DefaultListableBeanFactory     : Autowiring by type from bean name 'errorWebExceptionHandler' via factory method to bean named 'serverCodecConfigurer'
2026-04-26T11:42:42.947+02:00 DEBUG 80702 --- [sapl] [           main] o.s.b.f.s.DefaultListableBeanFactory     : Autowiring by type from bean name 'errorWebExceptionHandler' via factory method to bean named 'org.springframework.boot.web.server.reactive.context.AnnotationConfigReactiveWebServerApplicationContext@7cedfa63'
2026-04-26T11:42:42.952+02:00 DEBUG 80702 --- [sapl] [           main] o.s.b.f.s.DefaultListableBeanFactory     : Creating shared instance of singleton bean 'webFluxConversionService'
2026-04-26T11:42:42.955+02:00 DEBUG 80702 --- [sapl] [           main] o.s.b.f.s.DefaultListableBeanFactory     : Creating shared instance of singleton bean 'webFluxValidator'
2026-04-26T11:42:42.957+02:00 DEBUG 80702 --- [sapl] [           main] o.s.b.f.s.DefaultListableBeanFactory     : Creating shared instance of singleton bean 'localeContextResolver'
2026-04-26T11:42:42.957+02:00 DEBUG 80702 --- [sapl] [           main] o.s.b.f.s.DefaultListableBeanFactory     : Creating shared instance of singleton bean 'webSessionManager'
2026-04-26T11:42:42.960+02:00 DEBUG 80702 --- [sapl] [           main] o.s.b.f.s.DefaultListableBeanFactory     : Creating shared instance of singleton bean 'webHandler'
2026-04-26T11:42:42.961+02:00 DEBUG 80702 --- [sapl] [           main] o.s.b.f.s.DefaultListableBeanFactory     : Creating shared instance of singleton bean 'routerFunctionMapping'
2026-04-26T11:42:42.961+02:00 DEBUG 80702 --- [sapl] [           main] o.s.b.f.s.DefaultListableBeanFactory     : Autowiring by type from bean name 'routerFunctionMapping' via factory method to bean named 'serverCodecConfigurer'
2026-04-26T11:42:42.961+02:00 DEBUG 80702 --- [sapl] [           main] o.s.b.f.s.DefaultListableBeanFactory     : Autowiring by type from bean name 'routerFunctionMapping' via factory method to bean named 'webFluxApiVersionStrategy'
2026-04-26T11:42:42.963+02:00 DEBUG 80702 --- [sapl] [           main] o.s.b.f.s.DefaultListableBeanFactory     : Creating shared instance of singleton bean 'resourceHandlerMapping'
2026-04-26T11:42:42.963+02:00 DEBUG 80702 --- [sapl] [           main] o.s.b.f.s.DefaultListableBeanFactory     : Creating shared instance of singleton bean 'resourceUrlProvider'
2026-04-26T11:42:42.965+02:00 DEBUG 80702 --- [sapl] [           main] o.s.b.f.s.DefaultListableBeanFactory     : Autowiring by type from bean name 'resourceHandlerMapping' via factory method to bean named 'resourceUrlProvider'
2026-04-26T11:42:42.974+02:00 DEBUG 80702 --- [sapl] [           main] o.s.w.r.handler.SimpleUrlHandlerMapping  : Patterns [/webjars/**, /**] in 'resourceHandlerMapping'
2026-04-26T11:42:42.975+02:00 DEBUG 80702 --- [sapl] [           main] o.s.b.f.s.DefaultListableBeanFactory     : Creating shared instance of singleton bean 'welcomePageRouterFunctionMapping'
2026-04-26T11:42:42.975+02:00 DEBUG 80702 --- [sapl] [           main] o.s.b.f.s.DefaultListableBeanFactory     : Creating shared instance of singleton bean 'org.springframework.boot.webflux.autoconfigure.WebFluxAutoConfiguration$WelcomePageConfiguration'
2026-04-26T11:42:42.975+02:00 DEBUG 80702 --- [sapl] [           main] o.s.b.f.s.DefaultListableBeanFactory     : Autowiring by type from bean name 'welcomePageRouterFunctionMapping' via factory method to bean named 'org.springframework.boot.web.server.reactive.context.AnnotationConfigReactiveWebServerApplicationContext@7cedfa63'
2026-04-26T11:42:42.975+02:00 DEBUG 80702 --- [sapl] [           main] o.s.b.f.s.DefaultListableBeanFactory     : Autowiring by type from bean name 'welcomePageRouterFunctionMapping' via factory method to bean named 'spring.webflux-org.springframework.boot.webflux.autoconfigure.WebFluxProperties'
2026-04-26T11:42:42.975+02:00 DEBUG 80702 --- [sapl] [           main] o.s.b.f.s.DefaultListableBeanFactory     : Autowiring by type from bean name 'welcomePageRouterFunctionMapping' via factory method to bean named 'spring.web-org.springframework.boot.autoconfigure.web.WebProperties'
2026-04-26T11:42:42.978+02:00 DEBUG 80702 --- [sapl] [           main] o.s.b.f.s.DefaultListableBeanFactory     : Creating shared instance of singleton bean 'healthEndpointWebFluxHandlerMapping'
2026-04-26T11:42:42.978+02:00 DEBUG 80702 --- [sapl] [           main] o.s.b.f.s.DefaultListableBeanFactory     : Creating shared instance of singleton bean 'org.springframework.boot.webflux.autoconfigure.actuate.endpoint.web.WebFluxHealthEndpointExtensionAutoConfiguration'
2026-04-26T11:42:42.980+02:00 DEBUG 80702 --- [sapl] [           main] o.s.b.f.s.DefaultListableBeanFactory     : Creating shared instance of singleton bean 'webEndpointDiscoverer'
2026-04-26T11:42:42.980+02:00 DEBUG 80702 --- [sapl] [           main] o.s.b.f.s.DefaultListableBeanFactory     : Creating shared instance of singleton bean 'org.springframework.boot.actuate.autoconfigure.endpoint.web.WebEndpointAutoConfiguration'
2026-04-26T11:42:42.981+02:00 DEBUG 80702 --- [sapl] [           main] o.s.b.f.s.DefaultListableBeanFactory     : Creating shared instance of singleton bean 'management.endpoints.web-org.springframework.boot.actuate.autoconfigure.endpoint.web.WebEndpointProperties'
2026-04-26T11:42:42.983+02:00 DEBUG 80702 --- [sapl] [           main] o.s.b.f.s.DefaultListableBeanFactory     : Autowiring by type from bean name 'org.springframework.boot.actuate.autoconfigure.endpoint.web.WebEndpointAutoConfiguration' via constructor to bean named 'org.springframework.boot.web.server.reactive.context.AnnotationConfigReactiveWebServerApplicationContext@7cedfa63'
2026-04-26T11:42:42.983+02:00 DEBUG 80702 --- [sapl] [           main] o.s.b.f.s.DefaultListableBeanFactory     : Autowiring by type from bean name 'org.springframework.boot.actuate.autoconfigure.endpoint.web.WebEndpointAutoConfiguration' via constructor to bean named 'management.endpoints.web-org.springframework.boot.actuate.autoconfigure.endpoint.web.WebEndpointProperties'
2026-04-26T11:42:42.984+02:00 DEBUG 80702 --- [sapl] [           main] o.s.b.f.s.DefaultListableBeanFactory     : Creating shared instance of singleton bean 'endpointOperationParameterMapper'
2026-04-26T11:42:42.984+02:00 DEBUG 80702 --- [sapl] [           main] o.s.b.f.s.DefaultListableBeanFactory     : Creating shared instance of singleton bean 'org.springframework.boot.actuate.autoconfigure.endpoint.EndpointAutoConfiguration'
2026-04-26T11:42:42.988+02:00 DEBUG 80702 --- [sapl] [           main] o.s.b.f.s.DefaultListableBeanFactory     : Creating shared instance of singleton bean 'endpointMediaTypes'
2026-04-26T11:42:42.989+02:00 DEBUG 80702 --- [sapl] [           main] o.s.b.f.s.DefaultListableBeanFactory     : Autowiring by type from bean name 'webEndpointDiscoverer' via factory method to bean named 'endpointOperationParameterMapper'
2026-04-26T11:42:42.989+02:00 DEBUG 80702 --- [sapl] [           main] o.s.b.f.s.DefaultListableBeanFactory     : Autowiring by type from bean name 'webEndpointDiscoverer' via factory method to bean named 'endpointMediaTypes'
2026-04-26T11:42:42.992+02:00 DEBUG 80702 --- [sapl] [           main] o.s.b.f.s.DefaultListableBeanFactory     : Creating shared instance of singleton bean 'webEndpointPathMapper'
2026-04-26T11:42:42.993+02:00 DEBUG 80702 --- [sapl] [           main] o.s.b.f.s.DefaultListableBeanFactory     : Creating shared instance of singleton bean 'healthEndpointGroups'
2026-04-26T11:42:42.993+02:00 DEBUG 80702 --- [sapl] [           main] o.s.b.f.s.DefaultListableBeanFactory     : Creating shared instance of singleton bean 'org.springframework.boot.health.autoconfigure.actuate.endpoint.HealthEndpointConfiguration'
2026-04-26T11:42:42.994+02:00 DEBUG 80702 --- [sapl] [           main] o.s.b.f.s.DefaultListableBeanFactory     : Creating shared instance of singleton bean 'management.endpoint.health-org.springframework.boot.health.autoconfigure.actuate.endpoint.HealthEndpointProperties'
2026-04-26T11:42:42.998+02:00 DEBUG 80702 --- [sapl] [           main] o.s.b.f.s.DefaultListableBeanFactory     : Autowiring by type from bean name 'healthEndpointGroups' via factory method to bean named 'org.springframework.boot.web.server.reactive.context.AnnotationConfigReactiveWebServerApplicationContext@7cedfa63'
2026-04-26T11:42:42.998+02:00 DEBUG 80702 --- [sapl] [           main] o.s.b.f.s.DefaultListableBeanFactory     : Autowiring by type from bean name 'healthEndpointGroups' via factory method to bean named 'management.endpoint.health-org.springframework.boot.health.autoconfigure.actuate.endpoint.HealthEndpointProperties'
2026-04-26T11:42:42.999+02:00 DEBUG 80702 --- [sapl] [           main] o.s.b.f.s.DefaultListableBeanFactory     : Creating shared instance of singleton bean 'healthStatusAggregator'
2026-04-26T11:42:43.000+02:00 DEBUG 80702 --- [sapl] [           main] o.s.b.f.s.DefaultListableBeanFactory     : Autowiring by type from bean name 'healthStatusAggregator' via factory method to bean named 'management.endpoint.health-org.springframework.boot.health.autoconfigure.actuate.endpoint.HealthEndpointProperties'
2026-04-26T11:42:43.002+02:00 DEBUG 80702 --- [sapl] [           main] o.s.b.f.s.DefaultListableBeanFactory     : Creating shared instance of singleton bean 'healthHttpCodeStatusMapper'
2026-04-26T11:42:43.003+02:00 DEBUG 80702 --- [sapl] [           main] o.s.b.f.s.DefaultListableBeanFactory     : Autowiring by type from bean name 'healthHttpCodeStatusMapper' via factory method to bean named 'management.endpoint.health-org.springframework.boot.health.autoconfigure.actuate.endpoint.HealthEndpointProperties'
2026-04-26T11:42:43.006+02:00 DEBUG 80702 --- [sapl] [           main] o.s.b.f.s.DefaultListableBeanFactory     : Creating shared instance of singleton bean 'availabilityProbesHealthEndpointGroupsPostProcessor'
2026-04-26T11:42:43.006+02:00 DEBUG 80702 --- [sapl] [           main] o.s.b.f.s.DefaultListableBeanFactory     : Creating shared instance of singleton bean 'org.springframework.boot.health.autoconfigure.actuate.endpoint.AvailabilityProbesAutoConfiguration'
2026-04-26T11:42:43.007+02:00 DEBUG 80702 --- [sapl] [           main] o.s.b.f.s.DefaultListableBeanFactory     : Autowiring by type from bean name 'availabilityProbesHealthEndpointGroupsPostProcessor' via factory method to bean named 'environment'
2026-04-26T11:42:43.009+02:00 DEBUG 80702 --- [sapl] [           main] o.s.b.f.s.DefaultListableBeanFactory     : Creating shared instance of singleton bean 'endpointCachingOperationInvokerAdvisor'
2026-04-26T11:42:43.009+02:00 DEBUG 80702 --- [sapl] [           main] o.s.b.f.s.DefaultListableBeanFactory     : Autowiring by type from bean name 'endpointCachingOperationInvokerAdvisor' via factory method to bean named 'environment'
2026-04-26T11:42:43.011+02:00 DEBUG 80702 --- [sapl] [           main] o.s.b.f.s.DefaultListableBeanFactory     : Creating shared instance of singleton bean 'webExposeExcludePropertyEndpointFilter'
2026-04-26T11:42:43.012+02:00 DEBUG 80702 --- [sapl] [           main] o.s.b.f.s.DefaultListableBeanFactory     : Creating shared instance of singleton bean 'webAccessPropertiesOperationFilter'
2026-04-26T11:42:43.012+02:00 DEBUG 80702 --- [sapl] [           main] o.s.b.f.s.DefaultListableBeanFactory     : Creating shared instance of singleton bean 'propertiesEndpointAccessResolver'
2026-04-26T11:42:43.012+02:00 DEBUG 80702 --- [sapl] [           main] o.s.b.f.s.DefaultListableBeanFactory     : Autowiring by type from bean name 'propertiesEndpointAccessResolver' via factory method to bean named 'environment'
2026-04-26T11:42:43.013+02:00 DEBUG 80702 --- [sapl] [           main] o.s.b.f.s.DefaultListableBeanFactory     : Autowiring by type from bean name 'webAccessPropertiesOperationFilter' via factory method to bean named 'propertiesEndpointAccessResolver'
2026-04-26T11:42:43.019+02:00 DEBUG 80702 --- [sapl] [           main] o.s.b.f.s.DefaultListableBeanFactory     : Autowiring by type from bean name 'healthEndpointWebFluxHandlerMapping' via factory method to bean named 'webEndpointDiscoverer'
2026-04-26T11:42:43.019+02:00 DEBUG 80702 --- [sapl] [           main] o.s.b.f.s.DefaultListableBeanFactory     : Autowiring by type from bean name 'healthEndpointWebFluxHandlerMapping' via factory method to bean named 'healthEndpointGroups'
2026-04-26T11:42:43.023+02:00 DEBUG 80702 --- [sapl] [           main] o.s.b.f.s.DefaultListableBeanFactory     : Creating shared instance of singleton bean 'healthEndpoint'
2026-04-26T11:42:43.023+02:00 DEBUG 80702 --- [sapl] [           main] o.s.b.f.s.DefaultListableBeanFactory     : Creating shared instance of singleton bean 'healthContributorRegistry'
2026-04-26T11:42:43.023+02:00 DEBUG 80702 --- [sapl] [           main] o.s.b.f.s.DefaultListableBeanFactory     : Creating shared instance of singleton bean 'org.springframework.boot.health.autoconfigure.registry.HealthContributorRegistryAutoConfiguration'
2026-04-26T11:42:43.024+02:00 DEBUG 80702 --- [sapl] [           main] o.s.b.f.s.DefaultListableBeanFactory     : Creating shared instance of singleton bean 'pdpHealthIndicator'
2026-04-26T11:42:43.024+02:00 DEBUG 80702 --- [sapl] [           main] o.s.b.f.s.DefaultListableBeanFactory     : Creating shared instance of singleton bean 'io.sapl.spring.pdp.embedded.PdpHealthIndicatorAutoConfiguration'
2026-04-26T11:42:43.025+02:00 DEBUG 80702 --- [sapl] [           main] o.s.b.f.s.DefaultListableBeanFactory     : Creating shared instance of singleton bean 'pdpVoterSource'
2026-04-26T11:42:43.025+02:00 DEBUG 80702 --- [sapl] [           main] o.s.b.f.s.DefaultListableBeanFactory     : Creating shared instance of singleton bean 'io.sapl.spring.pdp.embedded.PDPAutoConfiguration'
2026-04-26T11:42:43.028+02:00 DEBUG 80702 --- [sapl] [           main] o.s.b.f.s.DefaultListableBeanFactory     : Creating shared instance of singleton bean 'livenessStateHealthIndicator'
2026-04-26T11:42:43.028+02:00 DEBUG 80702 --- [sapl] [           main] o.s.b.f.s.DefaultListableBeanFactory     : Creating shared instance of singleton bean 'org.springframework.boot.health.autoconfigure.application.AvailabilityHealthContributorAutoConfiguration'
2026-04-26T11:42:43.029+02:00 DEBUG 80702 --- [sapl] [           main] o.s.b.f.s.DefaultListableBeanFactory     : Creating shared instance of singleton bean 'applicationAvailability'
2026-04-26T11:42:43.029+02:00 DEBUG 80702 --- [sapl] [           main] o.s.b.f.s.DefaultListableBeanFactory     : Creating shared instance of singleton bean 'org.springframework.boot.autoconfigure.availability.ApplicationAvailabilityAutoConfiguration'
2026-04-26T11:42:43.030+02:00 DEBUG 80702 --- [sapl] [           main] o.s.b.f.s.DefaultListableBeanFactory     : Autowiring by type from bean name 'livenessStateHealthIndicator' via factory method to bean named 'applicationAvailability'
2026-04-26T11:42:43.033+02:00 DEBUG 80702 --- [sapl] [           main] o.s.b.f.s.DefaultListableBeanFactory     : Creating shared instance of singleton bean 'readinessStateHealthIndicator'
2026-04-26T11:42:43.033+02:00 DEBUG 80702 --- [sapl] [           main] o.s.b.f.s.DefaultListableBeanFactory     : Autowiring by type from bean name 'readinessStateHealthIndicator' via factory method to bean named 'applicationAvailability'
2026-04-26T11:42:43.034+02:00 DEBUG 80702 --- [sapl] [           main] o.s.b.f.s.DefaultListableBeanFactory     : Creating shared instance of singleton bean 'diskSpaceHealthIndicator'
2026-04-26T11:42:43.034+02:00 DEBUG 80702 --- [sapl] [           main] o.s.b.f.s.DefaultListableBeanFactory     : Creating shared instance of singleton bean 'org.springframework.boot.health.autoconfigure.application.DiskSpaceHealthContributorAutoConfiguration'
2026-04-26T11:42:43.034+02:00 DEBUG 80702 --- [sapl] [           main] o.s.b.f.s.DefaultListableBeanFactory     : Creating shared instance of singleton bean 'management.health.diskspace-org.springframework.boot.health.autoconfigure.application.DiskSpaceHealthIndicatorProperties'
2026-04-26T11:42:43.035+02:00 DEBUG 80702 --- [sapl] [           main] o.s.b.f.s.DefaultListableBeanFactory     : Autowiring by type from bean name 'diskSpaceHealthIndicator' via factory method to bean named 'management.health.diskspace-org.springframework.boot.health.autoconfigure.application.DiskSpaceHealthIndicatorProperties'
2026-04-26T11:42:43.035+02:00 DEBUG 80702 --- [sapl] [           main] o.s.b.f.s.DefaultListableBeanFactory     : Creating shared instance of singleton bean 'sslHealthIndicator'
2026-04-26T11:42:43.035+02:00 DEBUG 80702 --- [sapl] [           main] o.s.b.f.s.DefaultListableBeanFactory     : Creating shared instance of singleton bean 'org.springframework.boot.health.autoconfigure.application.SslHealthContributorAutoConfiguration'
2026-04-26T11:42:43.036+02:00 DEBUG 80702 --- [sapl] [           main] o.s.b.f.s.DefaultListableBeanFactory     : Creating shared instance of singleton bean 'sslInfo'
2026-04-26T11:42:43.036+02:00 DEBUG 80702 --- [sapl] [           main] o.s.b.f.s.DefaultListableBeanFactory     : Autowiring by type from bean name 'sslInfo' via factory method to bean named 'sslBundleRegistry'
2026-04-26T11:42:43.037+02:00 DEBUG 80702 --- [sapl] [           main] o.s.b.f.s.DefaultListableBeanFactory     : Creating shared instance of singleton bean 'management.health.ssl-org.springframework.boot.health.autoconfigure.application.SslHealthIndicatorProperties'
2026-04-26T11:42:43.037+02:00 DEBUG 80702 --- [sapl] [           main] o.s.b.f.s.DefaultListableBeanFactory     : Autowiring by type from bean name 'sslHealthIndicator' via factory method to bean named 'sslInfo'
2026-04-26T11:42:43.037+02:00 DEBUG 80702 --- [sapl] [           main] o.s.b.f.s.DefaultListableBeanFactory     : Autowiring by type from bean name 'sslHealthIndicator' via factory method to bean named 'management.health.ssl-org.springframework.boot.health.autoconfigure.application.SslHealthIndicatorProperties'
2026-04-26T11:42:43.038+02:00 DEBUG 80702 --- [sapl] [           main] o.s.b.f.s.DefaultListableBeanFactory     : Creating shared instance of singleton bean 'pingHealthContributor'
2026-04-26T11:42:43.038+02:00 DEBUG 80702 --- [sapl] [           main] o.s.b.f.s.DefaultListableBeanFactory     : Creating shared instance of singleton bean 'org.springframework.boot.health.autoconfigure.contributor.HealthContributorAutoConfiguration'
2026-04-26T11:42:43.039+02:00 DEBUG 80702 --- [sapl] [           main] o.s.b.f.s.DefaultListableBeanFactory     : Creating shared instance of singleton bean 'groupsHealthContributorNameValidator'
2026-04-26T11:42:43.039+02:00 DEBUG 80702 --- [sapl] [           main] o.s.b.f.s.DefaultListableBeanFactory     : Autowiring by type from bean name 'healthContributorRegistry' via factory method to bean named 'livenessStateHealthIndicator'
2026-04-26T11:42:43.039+02:00 DEBUG 80702 --- [sapl] [           main] o.s.b.f.s.DefaultListableBeanFactory     : Autowiring by type from bean name 'healthContributorRegistry' via factory method to bean named 'readinessStateHealthIndicator'
2026-04-26T11:42:43.039+02:00 DEBUG 80702 --- [sapl] [           main] o.s.b.f.s.DefaultListableBeanFactory     : Autowiring by type from bean name 'healthContributorRegistry' via factory method to bean named 'diskSpaceHealthIndicator'
2026-04-26T11:42:43.039+02:00 DEBUG 80702 --- [sapl] [           main] o.s.b.f.s.DefaultListableBeanFactory     : Autowiring by type from bean name 'healthContributorRegistry' via factory method to bean named 'sslHealthIndicator'
2026-04-26T11:42:43.040+02:00 DEBUG 80702 --- [sapl] [           main] o.s.b.f.s.DefaultListableBeanFactory     : Autowiring by type from bean name 'healthContributorRegistry' via factory method to bean named 'pingHealthContributor'
2026-04-26T11:42:43.040+02:00 DEBUG 80702 --- [sapl] [           main] o.s.b.f.s.DefaultListableBeanFactory     : Autowiring by type from bean name 'healthContributorRegistry' via factory method to bean named 'groupsHealthContributorNameValidator'
2026-04-26T11:42:43.043+02:00 DEBUG 80702 --- [sapl] [           main] o.s.b.f.s.DefaultListableBeanFactory     : Autowiring by type from bean name 'healthEndpoint' via factory method to bean named 'healthContributorRegistry'
2026-04-26T11:42:43.043+02:00 DEBUG 80702 --- [sapl] [           main] o.s.b.f.s.DefaultListableBeanFactory     : Autowiring by type from bean name 'healthEndpoint' via factory method to bean named 'healthEndpointGroups'
2026-04-26T11:42:43.043+02:00 DEBUG 80702 --- [sapl] [           main] o.s.b.f.s.DefaultListableBeanFactory     : Autowiring by type from bean name 'healthEndpoint' via factory method to bean named 'management.endpoint.health-org.springframework.boot.health.autoconfigure.actuate.endpoint.HealthEndpointProperties'
2026-04-26T11:42:43.046+02:00 DEBUG 80702 --- [sapl] [           main] o.s.b.f.s.DefaultListableBeanFactory     : Creating shared instance of singleton bean 'reactiveHealthContributorRegistry'
2026-04-26T11:42:43.046+02:00 DEBUG 80702 --- [sapl] [           main] o.s.b.f.s.DefaultListableBeanFactory     : Creating shared instance of singleton bean 'org.springframework.boot.health.autoconfigure.registry.HealthContributorRegistryAutoConfiguration$ReactiveHealthContributorRegistryConfiguration'
2026-04-26T11:42:43.047+02:00 DEBUG 80702 --- [sapl] [           main] o.s.b.f.s.DefaultListableBeanFactory     : Creating shared instance of singleton bean 'mongoHealthContributor'
2026-04-26T11:42:43.047+02:00 DEBUG 80702 --- [sapl] [           main] o.s.b.f.s.DefaultListableBeanFactory     : Creating shared instance of singleton bean 'org.springframework.boot.mongodb.autoconfigure.health.MongoReactiveHealthContributorAutoConfiguration'
2026-04-26T11:42:43.049+02:00 DEBUG 80702 --- [sapl] [           main] o.s.b.f.s.DefaultListableBeanFactory     : Autowiring by type from bean name 'mongoHealthContributor' via factory method to bean named 'org.springframework.beans.factory.support.DefaultListableBeanFactory@67b7c170'
2026-04-26T11:42:43.049+02:00 DEBUG 80702 --- [sapl] [           main] o.s.b.f.s.DefaultListableBeanFactory     : Creating shared instance of singleton bean 'reactiveStreamsMongoClient'
2026-04-26T11:42:43.049+02:00 DEBUG 80702 --- [sapl] [           main] o.s.b.f.s.DefaultListableBeanFactory     : Creating shared instance of singleton bean 'org.springframework.boot.mongodb.autoconfigure.MongoReactiveAutoConfiguration'
2026-04-26T11:42:43.050+02:00 DEBUG 80702 --- [sapl] [           main] o.s.b.f.s.DefaultListableBeanFactory     : Creating shared instance of singleton bean 'mongoClientSettings'
2026-04-26T11:42:43.050+02:00 DEBUG 80702 --- [sapl] [           main] o.s.b.f.s.DefaultListableBeanFactory     : Creating shared instance of singleton bean 'org.springframework.boot.mongodb.autoconfigure.MongoAutoConfiguration$MongoClientSettingsConfiguration'
2026-04-26T11:42:43.091+02:00 DEBUG 80702 --- [sapl] [           main] o.s.b.f.s.DefaultListableBeanFactory     : Autowiring by type from bean name 'reactiveStreamsMongoClient' via factory method to bean named 'mongoClientSettings'
2026-04-26T11:42:43.092+02:00 DEBUG 80702 --- [sapl] [           main] o.s.b.f.s.DefaultListableBeanFactory     : Creating shared instance of singleton bean 'mongoMetricsConnectionPoolListenerClientSettingsBuilderCustomizer'
2026-04-26T11:42:43.092+02:00 DEBUG 80702 --- [sapl] [           main] o.s.b.f.s.DefaultListableBeanFactory     : Creating shared instance of singleton bean 'org.springframework.boot.mongodb.autoconfigure.metrics.MongoMetricsAutoConfiguration$MongoConnectionPoolMetricsConfiguration'
2026-04-26T11:42:43.093+02:00 DEBUG 80702 --- [sapl] [           main] o.s.b.f.s.DefaultListableBeanFactory     : Creating shared instance of singleton bean 'mongoMetricsConnectionPoolListener'
2026-04-26T11:42:43.093+02:00 DEBUG 80702 --- [sapl] [           main] o.s.b.f.s.DefaultListableBeanFactory     : Creating shared instance of singleton bean 'mongoConnectionPoolTagsProvider'
2026-04-26T11:42:43.095+02:00 DEBUG 80702 --- [sapl] [           main] o.s.b.f.s.DefaultListableBeanFactory     : Autowiring by type from bean name 'mongoMetricsConnectionPoolListener' via factory method to bean named 'prometheusMeterRegistry'
2026-04-26T11:42:43.095+02:00 DEBUG 80702 --- [sapl] [           main] o.s.b.f.s.DefaultListableBeanFactory     : Autowiring by type from bean name 'mongoMetricsConnectionPoolListener' via factory method to bean named 'mongoConnectionPoolTagsProvider'
2026-04-26T11:42:43.098+02:00 DEBUG 80702 --- [sapl] [           main] o.s.b.f.s.DefaultListableBeanFactory     : Autowiring by type from bean name 'mongoMetricsConnectionPoolListenerClientSettingsBuilderCustomizer' via factory method to bean named 'mongoMetricsConnectionPoolListener'
2026-04-26T11:42:43.099+02:00 DEBUG 80702 --- [sapl] [           main] o.s.b.f.s.DefaultListableBeanFactory     : Creating shared instance of singleton bean 'mongoMetricsCommandListenerClientSettingsBuilderCustomizer'
2026-04-26T11:42:43.099+02:00 DEBUG 80702 --- [sapl] [           main] o.s.b.f.s.DefaultListableBeanFactory     : Creating shared instance of singleton bean 'org.springframework.boot.mongodb.autoconfigure.metrics.MongoMetricsAutoConfiguration$MongoCommandMetricsConfiguration'
2026-04-26T11:42:43.099+02:00 DEBUG 80702 --- [sapl] [           main] o.s.b.f.s.DefaultListableBeanFactory     : Creating shared instance of singleton bean 'mongoMetricsCommandListener'
2026-04-26T11:42:43.099+02:00 DEBUG 80702 --- [sapl] [           main] o.s.b.f.s.DefaultListableBeanFactory     : Creating shared instance of singleton bean 'mongoCommandTagsProvider'
2026-04-26T11:42:43.101+02:00 DEBUG 80702 --- [sapl] [           main] o.s.b.f.s.DefaultListableBeanFactory     : Autowiring by type from bean name 'mongoMetricsCommandListener' via factory method to bean named 'prometheusMeterRegistry'
2026-04-26T11:42:43.101+02:00 DEBUG 80702 --- [sapl] [           main] o.s.b.f.s.DefaultListableBeanFactory     : Autowiring by type from bean name 'mongoMetricsCommandListener' via factory method to bean named 'mongoCommandTagsProvider'
2026-04-26T11:42:43.102+02:00 DEBUG 80702 --- [sapl] [           main] o.s.b.f.s.DefaultListableBeanFactory     : Autowiring by type from bean name 'mongoMetricsCommandListenerClientSettingsBuilderCustomizer' via factory method to bean named 'mongoMetricsCommandListener'
2026-04-26T11:42:43.102+02:00 DEBUG 80702 --- [sapl] [           main] o.s.b.f.s.DefaultListableBeanFactory     : Creating shared instance of singleton bean 'standardMongoSettingsCustomizer'
2026-04-26T11:42:43.103+02:00 DEBUG 80702 --- [sapl] [           main] o.s.b.f.s.DefaultListableBeanFactory     : Creating shared instance of singleton bean 'spring.mongodb-org.springframework.boot.mongodb.autoconfigure.MongoProperties'
2026-04-26T11:42:43.105+02:00 DEBUG 80702 --- [sapl] [           main] o.s.b.f.s.DefaultListableBeanFactory     : Creating shared instance of singleton bean 'mongoConnectionDetails'
2026-04-26T11:42:43.105+02:00 DEBUG 80702 --- [sapl] [           main] o.s.b.f.s.DefaultListableBeanFactory     : Creating shared instance of singleton bean 'org.springframework.boot.mongodb.autoconfigure.MongoAutoConfiguration'
2026-04-26T11:42:43.105+02:00 DEBUG 80702 --- [sapl] [           main] o.s.b.f.s.DefaultListableBeanFactory     : Autowiring by type from bean name 'mongoConnectionDetails' via factory method to bean named 'spring.mongodb-org.springframework.boot.mongodb.autoconfigure.MongoProperties'
2026-04-26T11:42:43.107+02:00 DEBUG 80702 --- [sapl] [           main] o.s.b.f.s.DefaultListableBeanFactory     : Autowiring by type from bean name 'standardMongoSettingsCustomizer' via factory method to bean named 'spring.mongodb-org.springframework.boot.mongodb.autoconfigure.MongoProperties'
2026-04-26T11:42:43.107+02:00 DEBUG 80702 --- [sapl] [           main] o.s.b.f.s.DefaultListableBeanFactory     : Autowiring by type from bean name 'standardMongoSettingsCustomizer' via factory method to bean named 'mongoConnectionDetails'
2026-04-26T11:42:43.107+02:00 DEBUG 80702 --- [sapl] [           main] o.s.b.f.s.DefaultListableBeanFactory     : Creating shared instance of singleton bean 'nettyDriverCustomizer'
2026-04-26T11:42:43.107+02:00 DEBUG 80702 --- [sapl] [           main] o.s.b.f.s.DefaultListableBeanFactory     : Creating shared instance of singleton bean 'org.springframework.boot.mongodb.autoconfigure.MongoReactiveAutoConfiguration$NettyDriverConfiguration'
2026-04-26T11:42:43.199+02:00  INFO 80702 --- [sapl] [           main] org.mongodb.driver.client                : MongoClient with metadata {"driver": {"name": "mongo-java-driver|spring-boot|reactive-streams", "version": "5.6.3"}, "os": {"type": "Linux", "name": "Linux", "architecture": "amd64", "version": "6.19.10-1-cachyos"}, "platform": "Java/Oracle Corporation/21.0.10+8-LTS-jvmci-23.1-b84"} created with settings MongoClientSettings{readPreference=primary, writeConcern=WriteConcern{w=null, wTimeout=null ms, journal=null}, retryWrites=true, retryReads=true, readConcern=ReadConcern{level=null}, credential=null, transportSettings=NettyTransportSettings{eventLoopGroup=io.netty.channel.MultiThreadIoEventLoopGroup@7d364bce, socketChannelClass=null, allocator=null, sslContext=null}, commandListeners=[io.micrometer.core.instrument.binder.mongodb.MongoMetricsCommandListener@1aa7d66e], codecRegistry=ProvidersCodecRegistry{codecProviders=[ValueCodecProvider{}, BsonValueCodecProvider{}, DBRefCodecProvider{}, DBObjectCodecProvider{}, DocumentCodecProvider{}, CollectionCodecProvider{}, IterableCodecProvider{}, MapCodecProvider{}, GeoJsonCodecProvider{}, GridFSFileCodecProvider{}, Jsr310CodecProvider{}, JsonObjectCodecProvider{}, BsonCodecProvider{}, com.mongodb.client.model.mql.ExpressionCodecProvider@5cc85ffc, com.mongodb.Jep395RecordCodecProvider@189f2184, com.mongodb.KotlinCodecProvider@57386162, EnumCodecProvider{}]}, loggerSettings=LoggerSettings{maxDocumentLength=1000}, clusterSettings={hosts=[localhost:27017], srvServiceName=mongodb, mode=SINGLE, requiredClusterType=UNKNOWN, requiredReplicaSetName='null', serverSelector='null', clusterListeners='[]', serverSelectionTimeout='30000 ms', localThreshold='15 ms'}, socketSettings=SocketSettings{connectTimeoutMS=10000, readTimeoutMS=0, receiveBufferSize=0, proxySettings=ProxySettings{host=null, port=null, username=null, password=null}}, heartbeatSocketSettings=SocketSettings{connectTimeoutMS=10000, readTimeoutMS=10000, receiveBufferSize=0, proxySettings=ProxySettings{host=null, port=null, username=null, password=null}}, connectionPoolSettings=ConnectionPoolSettings{maxSize=100, minSize=0, maxWaitTimeMS=120000, maxConnectionLifeTimeMS=0, maxConnectionIdleTimeMS=0, maintenanceInitialDelayMS=0, maintenanceFrequencyMS=60000, connectionPoolListeners=[io.micrometer.core.instrument.binder.mongodb.MongoMetricsConnectionPoolListener@7388d94d], maxConnecting=2}, serverSettings=ServerSettings{heartbeatFrequencyMS=10000, minHeartbeatFrequencyMS=500, serverMonitoringMode=AUTO, serverListeners='[]', serverMonitorListeners='[]'}, sslSettings=SslSettings{enabled=false, invalidHostNameAllowed=false, context=null}, applicationName='null', compressorList=[], uuidRepresentation=UNSPECIFIED, serverApi=null, autoEncryptionSettings=null, dnsClient=null, inetAddressResolver=null, contextProvider=null, timeoutMS=null}
2026-04-26T11:42:43.201+02:00  INFO 80702 --- [sapl] [localhost:27017] org.mongodb.driver.cluster               : Exception in monitor thread while connecting to server localhost:27017

com.mongodb.MongoSocketOpenException: Exception opening socket
	at com.mongodb.internal.connection.netty.NettyStream$OpenChannelFutureListener.lambda$operationComplete$1(NettyStream.java:539) ~[mongodb-driver-core-5.6.3.jar!/:na]
	at com.mongodb.internal.Locks.lambda$withLock$0(Locks.java:34) ~[mongodb-driver-core-5.6.3.jar!/:na]
	at com.mongodb.internal.Locks.checkedWithLock(Locks.java:61) ~[mongodb-driver-core-5.6.3.jar!/:na]
	at com.mongodb.internal.Locks.withLock(Locks.java:55) ~[mongodb-driver-core-5.6.3.jar!/:na]
	at com.mongodb.internal.Locks.withLock(Locks.java:33) ~[mongodb-driver-core-5.6.3.jar!/:na]
	at com.mongodb.internal.connection.netty.NettyStream$OpenChannelFutureListener.operationComplete(NettyStream.java:526) ~[mongodb-driver-core-5.6.3.jar!/:na]
	at com.mongodb.internal.connection.netty.NettyStream$OpenChannelFutureListener.operationComplete(NettyStream.java:509) ~[mongodb-driver-core-5.6.3.jar!/:na]
	at io.netty.util.concurrent.DefaultPromise.notifyListener0(DefaultPromise.java:604) ~[netty-common-4.2.10.Final.jar!/:4.2.10.Final]
	at io.netty.util.concurrent.DefaultPromise.notifyListeners0(DefaultPromise.java:597) ~[netty-common-4.2.10.Final.jar!/:4.2.10.Final]
	at io.netty.util.concurrent.DefaultPromise.notifyListenersNow(DefaultPromise.java:573) ~[netty-common-4.2.10.Final.jar!/:4.2.10.Final]
	at io.netty.util.concurrent.DefaultPromise.notifyListeners(DefaultPromise.java:506) ~[netty-common-4.2.10.Final.jar!/:4.2.10.Final]
	at io.netty.util.concurrent.DefaultPromise.setValue0(DefaultPromise.java:650) ~[netty-common-4.2.10.Final.jar!/:4.2.10.Final]
	at io.netty.util.concurrent.DefaultPromise.setFailure0(DefaultPromise.java:643) ~[netty-common-4.2.10.Final.jar!/:4.2.10.Final]
	at io.netty.util.concurrent.DefaultPromise.tryFailure(DefaultPromise.java:132) ~[netty-common-4.2.10.Final.jar!/:4.2.10.Final]
	at io.netty.channel.nio.AbstractNioChannel$AbstractNioUnsafe.fulfillConnectPromise(AbstractNioChannel.java:371) ~[netty-transport-4.2.10.Final.jar!/:4.2.10.Final]
	at io.netty.channel.nio.AbstractNioChannel$AbstractNioUnsafe.finishConnect(AbstractNioChannel.java:387) ~[netty-transport-4.2.10.Final.jar!/:4.2.10.Final]
	at io.netty.channel.nio.AbstractNioChannel$AbstractNioUnsafe.handle(AbstractNioChannel.java:432) ~[netty-transport-4.2.10.Final.jar!/:4.2.10.Final]
	at io.netty.channel.nio.NioIoHandler$DefaultNioRegistration.handle(NioIoHandler.java:388) ~[netty-transport-4.2.10.Final.jar!/:4.2.10.Final]
	at io.netty.channel.nio.NioIoHandler.processSelectedKey(NioIoHandler.java:596) ~[netty-transport-4.2.10.Final.jar!/:4.2.10.Final]
	at io.netty.channel.nio.NioIoHandler.processSelectedKeysOptimized(NioIoHandler.java:571) ~[netty-transport-4.2.10.Final.jar!/:4.2.10.Final]
	at io.netty.channel.nio.NioIoHandler.processSelectedKeys(NioIoHandler.java:512) ~[netty-transport-4.2.10.Final.jar!/:4.2.10.Final]
	at io.netty.channel.nio.NioIoHandler.run(NioIoHandler.java:484) ~[netty-transport-4.2.10.Final.jar!/:4.2.10.Final]
	at io.netty.channel.SingleThreadIoEventLoop.runIo(SingleThreadIoEventLoop.java:225) ~[netty-transport-4.2.10.Final.jar!/:4.2.10.Final]
	at io.netty.channel.SingleThreadIoEventLoop.run(SingleThreadIoEventLoop.java:196) ~[netty-transport-4.2.10.Final.jar!/:4.2.10.Final]
	at io.netty.util.concurrent.SingleThreadEventExecutor$5.run(SingleThreadEventExecutor.java:1195) ~[netty-common-4.2.10.Final.jar!/:4.2.10.Final]
	at io.netty.util.internal.ThreadExecutorMap$2.run(ThreadExecutorMap.java:74) ~[netty-common-4.2.10.Final.jar!/:4.2.10.Final]
	at io.netty.util.concurrent.FastThreadLocalRunnable.run(FastThreadLocalRunnable.java:30) ~[netty-common-4.2.10.Final.jar!/:4.2.10.Final]
	at java.base/java.lang.Thread.run(Thread.java:1583) ~[na:na]
Caused by: io.netty.channel.AbstractChannel$AnnotatedConnectException: Verbindungsaufbau abgelehnt: localhost/[0:0:0:0:0:0:0:1]:27017
Caused by: java.net.ConnectException: Verbindungsaufbau abgelehnt
	at java.base/sun.nio.ch.Net.pollConnect(Native Method) ~[na:na]
	at java.base/sun.nio.ch.Net.pollConnectNow(Net.java:690) ~[na:na]
	at java.base/sun.nio.ch.SocketChannelImpl.finishConnect(SocketChannelImpl.java:973) ~[na:na]
	at io.netty.channel.socket.nio.NioSocketChannel.doFinishConnect(NioSocketChannel.java:330) ~[netty-transport-4.2.10.Final.jar!/:4.2.10.Final]
	at io.netty.channel.nio.AbstractNioChannel$AbstractNioUnsafe.finishConnect(AbstractNioChannel.java:384) ~[netty-transport-4.2.10.Final.jar!/:4.2.10.Final]
	at io.netty.channel.nio.AbstractNioChannel$AbstractNioUnsafe.handle(AbstractNioChannel.java:432) ~[netty-transport-4.2.10.Final.jar!/:4.2.10.Final]
	at io.netty.channel.nio.NioIoHandler$DefaultNioRegistration.handle(NioIoHandler.java:388) ~[netty-transport-4.2.10.Final.jar!/:4.2.10.Final]
	at io.netty.channel.nio.NioIoHandler.processSelectedKey(NioIoHandler.java:596) ~[netty-transport-4.2.10.Final.jar!/:4.2.10.Final]
	at io.netty.channel.nio.NioIoHandler.processSelectedKeysOptimized(NioIoHandler.java:571) ~[netty-transport-4.2.10.Final.jar!/:4.2.10.Final]
	at io.netty.channel.nio.NioIoHandler.processSelectedKeys(NioIoHandler.java:512) ~[netty-transport-4.2.10.Final.jar!/:4.2.10.Final]
	at io.netty.channel.nio.NioIoHandler.run(NioIoHandler.java:484) ~[netty-transport-4.2.10.Final.jar!/:4.2.10.Final]
	at io.netty.channel.SingleThreadIoEventLoop.runIo(SingleThreadIoEventLoop.java:225) ~[netty-transport-4.2.10.Final.jar!/:4.2.10.Final]
	at io.netty.channel.SingleThreadIoEventLoop.run(SingleThreadIoEventLoop.java:196) ~[netty-transport-4.2.10.Final.jar!/:4.2.10.Final]
	at io.netty.util.concurrent.SingleThreadEventExecutor$5.run(SingleThreadEventExecutor.java:1195) ~[netty-common-4.2.10.Final.jar!/:4.2.10.Final]
	at io.netty.util.internal.ThreadExecutorMap$2.run(ThreadExecutorMap.java:74) ~[netty-common-4.2.10.Final.jar!/:4.2.10.Final]
	at io.netty.util.concurrent.FastThreadLocalRunnable.run(FastThreadLocalRunnable.java:30) ~[netty-common-4.2.10.Final.jar!/:4.2.10.Final]
	at java.base/java.lang.Thread.run(Thread.java:1583) ~[na:na]

2026-04-26T11:42:43.211+02:00 DEBUG 80702 --- [sapl] [           main] o.s.b.f.s.DefaultListableBeanFactory     : Creating shared instance of singleton bean 'r2dbcHealthContributor'
2026-04-26T11:42:43.211+02:00 DEBUG 80702 --- [sapl] [           main] o.s.b.f.s.DefaultListableBeanFactory     : Creating shared instance of singleton bean 'org.springframework.boot.r2dbc.autoconfigure.health.ConnectionFactoryHealthContributorAutoConfiguration'
2026-04-26T11:42:43.212+02:00 DEBUG 80702 --- [sapl] [           main] o.s.b.f.s.DefaultListableBeanFactory     : Autowiring by type from bean name 'r2dbcHealthContributor' via factory method to bean named 'org.springframework.beans.factory.support.DefaultListableBeanFactory@67b7c170'
2026-04-26T11:42:43.214+02:00 DEBUG 80702 --- [sapl] [           main] o.s.b.f.s.DefaultListableBeanFactory     : Autowiring by type from bean name 'reactiveHealthContributorRegistry' via factory method to bean named 'mongoHealthContributor'
2026-04-26T11:42:43.214+02:00 DEBUG 80702 --- [sapl] [           main] o.s.b.f.s.DefaultListableBeanFactory     : Autowiring by type from bean name 'reactiveHealthContributorRegistry' via factory method to bean named 'r2dbcHealthContributor'
2026-04-26T11:42:43.214+02:00 DEBUG 80702 --- [sapl] [           main] o.s.b.f.s.DefaultListableBeanFactory     : Autowiring by type from bean name 'reactiveHealthContributorRegistry' via factory method to bean named 'groupsHealthContributorNameValidator'
2026-04-26T11:42:43.222+02:00 DEBUG 80702 --- [sapl] [           main] o.s.b.f.s.DefaultListableBeanFactory     : Creating shared instance of singleton bean 'infoEndpoint'
2026-04-26T11:42:43.222+02:00 DEBUG 80702 --- [sapl] [           main] o.s.b.f.s.DefaultListableBeanFactory     : Creating shared instance of singleton bean 'org.springframework.boot.actuate.autoconfigure.info.InfoEndpointAutoConfiguration'
2026-04-26T11:42:43.222+02:00 DEBUG 80702 --- [sapl] [           main] o.s.b.f.s.DefaultListableBeanFactory     : Creating shared instance of singleton bean 'gitInfoContributor'
2026-04-26T11:42:43.222+02:00 DEBUG 80702 --- [sapl] [           main] o.s.b.f.s.DefaultListableBeanFactory     : Creating shared instance of singleton bean 'org.springframework.boot.actuate.autoconfigure.info.InfoContributorAutoConfiguration'
2026-04-26T11:42:43.223+02:00 DEBUG 80702 --- [sapl] [           main] o.s.b.f.s.DefaultListableBeanFactory     : Creating shared instance of singleton bean 'gitProperties'
2026-04-26T11:42:43.223+02:00 DEBUG 80702 --- [sapl] [           main] o.s.b.f.s.DefaultListableBeanFactory     : Creating shared instance of singleton bean 'org.springframework.boot.autoconfigure.info.ProjectInfoAutoConfiguration'
2026-04-26T11:42:43.223+02:00 DEBUG 80702 --- [sapl] [           main] o.s.b.f.s.DefaultListableBeanFactory     : Creating shared instance of singleton bean 'spring.info-org.springframework.boot.autoconfigure.info.ProjectInfoProperties'
2026-04-26T11:42:43.224+02:00 DEBUG 80702 --- [sapl] [           main] o.s.b.f.s.DefaultListableBeanFactory     : Autowiring by type from bean name 'org.springframework.boot.autoconfigure.info.ProjectInfoAutoConfiguration' via constructor to bean named 'spring.info-org.springframework.boot.autoconfigure.info.ProjectInfoProperties'
2026-04-26T11:42:43.232+02:00 DEBUG 80702 --- [sapl] [           main] o.s.b.f.s.DefaultListableBeanFactory     : Creating shared instance of singleton bean 'management.info-org.springframework.boot.actuate.autoconfigure.info.InfoContributorProperties'
2026-04-26T11:42:43.233+02:00 DEBUG 80702 --- [sapl] [           main] o.s.b.f.s.DefaultListableBeanFactory     : Autowiring by type from bean name 'gitInfoContributor' via factory method to bean named 'gitProperties'
2026-04-26T11:42:43.233+02:00 DEBUG 80702 --- [sapl] [           main] o.s.b.f.s.DefaultListableBeanFactory     : Autowiring by type from bean name 'gitInfoContributor' via factory method to bean named 'management.info-org.springframework.boot.actuate.autoconfigure.info.InfoContributorProperties'
2026-04-26T11:42:43.242+02:00 DEBUG 80702 --- [sapl] [           main] o.s.b.f.s.DefaultListableBeanFactory     : Creating shared instance of singleton bean 'prometheusEndpoint'
2026-04-26T11:42:43.242+02:00 DEBUG 80702 --- [sapl] [           main] o.s.b.f.s.DefaultListableBeanFactory     : Creating shared instance of singleton bean 'org.springframework.boot.micrometer.metrics.autoconfigure.export.prometheus.PrometheusMetricsExportAutoConfiguration$PrometheusScrapeEndpointConfiguration'
2026-04-26T11:42:43.242+02:00 DEBUG 80702 --- [sapl] [           main] o.s.b.f.s.DefaultListableBeanFactory     : Autowiring by type from bean name 'prometheusEndpoint' via factory method to bean named 'prometheusRegistry'
2026-04-26T11:42:43.242+02:00 DEBUG 80702 --- [sapl] [           main] o.s.b.f.s.DefaultListableBeanFactory     : Autowiring by type from bean name 'prometheusEndpoint' via factory method to bean named 'prometheusConfig'
2026-04-26T11:42:43.253+02:00 DEBUG 80702 --- [sapl] [           main] o.s.b.f.s.DefaultListableBeanFactory     : Creating shared instance of singleton bean 'reactiveHealthEndpointWebExtension'
2026-04-26T11:42:43.253+02:00 DEBUG 80702 --- [sapl] [           main] o.s.b.f.s.DefaultListableBeanFactory     : Creating shared instance of singleton bean 'org.springframework.boot.health.autoconfigure.actuate.endpoint.HealthEndpointReactiveWebExtensionConfiguration'
2026-04-26T11:42:43.253+02:00 DEBUG 80702 --- [sapl] [           main] o.s.b.f.s.DefaultListableBeanFactory     : Autowiring by type from bean name 'reactiveHealthEndpointWebExtension' via factory method to bean named 'reactiveHealthContributorRegistry'
2026-04-26T11:42:43.253+02:00 DEBUG 80702 --- [sapl] [           main] o.s.b.f.s.DefaultListableBeanFactory     : Autowiring by type from bean name 'reactiveHealthEndpointWebExtension' via factory method to bean named 'healthEndpointGroups'
2026-04-26T11:42:43.253+02:00 DEBUG 80702 --- [sapl] [           main] o.s.b.f.s.DefaultListableBeanFactory     : Autowiring by type from bean name 'reactiveHealthEndpointWebExtension' via factory method to bean named 'management.endpoint.health-org.springframework.boot.health.autoconfigure.actuate.endpoint.HealthEndpointProperties'
2026-04-26T11:42:43.260+02:00 DEBUG 80702 --- [sapl] [           main] o.s.b.f.s.DefaultListableBeanFactory     : Creating shared instance of singleton bean 'webEndpointReactiveHandlerMapping'
2026-04-26T11:42:43.260+02:00 DEBUG 80702 --- [sapl] [           main] o.s.b.f.s.DefaultListableBeanFactory     : Creating shared instance of singleton bean 'org.springframework.boot.webflux.autoconfigure.actuate.web.WebFluxEndpointManagementContextConfiguration'
2026-04-26T11:42:43.261+02:00 DEBUG 80702 --- [sapl] [           main] o.s.b.f.s.DefaultListableBeanFactory     : Creating shared instance of singleton bean 'controllerEndpointDiscoverer'
2026-04-26T11:42:43.262+02:00 DEBUG 80702 --- [sapl] [           main] o.s.b.f.s.DefaultListableBeanFactory     : Creating shared instance of singleton bean 'controllerExposeExcludePropertyEndpointFilter'
2026-04-26T11:42:43.264+02:00 DEBUG 80702 --- [sapl] [           main] o.s.b.f.s.DefaultListableBeanFactory     : Creating shared instance of singleton bean 'management.endpoints.web.cors-org.springframework.boot.actuate.autoconfigure.endpoint.web.CorsEndpointProperties'
2026-04-26T11:42:43.266+02:00 DEBUG 80702 --- [sapl] [           main] o.s.b.f.s.DefaultListableBeanFactory     : Autowiring by type from bean name 'webEndpointReactiveHandlerMapping' via factory method to bean named 'webEndpointDiscoverer'
2026-04-26T11:42:43.267+02:00 DEBUG 80702 --- [sapl] [           main] o.s.b.f.s.DefaultListableBeanFactory     : Autowiring by type from bean name 'webEndpointReactiveHandlerMapping' via factory method to bean named 'controllerEndpointDiscoverer'
2026-04-26T11:42:43.267+02:00 DEBUG 80702 --- [sapl] [           main] o.s.b.f.s.DefaultListableBeanFactory     : Autowiring by type from bean name 'webEndpointReactiveHandlerMapping' via factory method to bean named 'endpointMediaTypes'
2026-04-26T11:42:43.267+02:00 DEBUG 80702 --- [sapl] [           main] o.s.b.f.s.DefaultListableBeanFactory     : Autowiring by type from bean name 'webEndpointReactiveHandlerMapping' via factory method to bean named 'management.endpoints.web.cors-org.springframework.boot.actuate.autoconfigure.endpoint.web.CorsEndpointProperties'
2026-04-26T11:42:43.267+02:00 DEBUG 80702 --- [sapl] [           main] o.s.b.f.s.DefaultListableBeanFactory     : Autowiring by type from bean name 'webEndpointReactiveHandlerMapping' via factory method to bean named 'management.endpoints.web-org.springframework.boot.actuate.autoconfigure.endpoint.web.WebEndpointProperties'
2026-04-26T11:42:43.267+02:00 DEBUG 80702 --- [sapl] [           main] o.s.b.f.s.DefaultListableBeanFactory     : Autowiring by type from bean name 'webEndpointReactiveHandlerMapping' via factory method to bean named 'environment'
2026-04-26T11:42:43.274+02:00  INFO 80702 --- [sapl] [           main] o.s.b.a.e.web.EndpointLinksResolver      : Exposing 3 endpoints beneath base path '/actuator'
2026-04-26T11:42:43.278+02:00 DEBUG 80702 --- [sapl] [           main] .b.w.a.e.w.WebFluxEndpointHandlerMapping : 5 mappings in 'webEndpointReactiveHandlerMapping'
2026-04-26T11:42:43.279+02:00 DEBUG 80702 --- [sapl] [           main] o.s.b.f.s.DefaultListableBeanFactory     : Creating shared instance of singleton bean 'controllerEndpointHandlerMapping'
2026-04-26T11:42:43.280+02:00 DEBUG 80702 --- [sapl] [           main] o.s.b.f.s.DefaultListableBeanFactory     : Autowiring by type from bean name 'controllerEndpointHandlerMapping' via factory method to bean named 'controllerEndpointDiscoverer'
2026-04-26T11:42:43.280+02:00 DEBUG 80702 --- [sapl] [           main] o.s.b.f.s.DefaultListableBeanFactory     : Autowiring by type from bean name 'controllerEndpointHandlerMapping' via factory method to bean named 'management.endpoints.web.cors-org.springframework.boot.actuate.autoconfigure.endpoint.web.CorsEndpointProperties'
2026-04-26T11:42:43.280+02:00 DEBUG 80702 --- [sapl] [           main] o.s.b.f.s.DefaultListableBeanFactory     : Autowiring by type from bean name 'controllerEndpointHandlerMapping' via factory method to bean named 'management.endpoints.web-org.springframework.boot.actuate.autoconfigure.endpoint.web.WebEndpointProperties'
2026-04-26T11:42:43.280+02:00 DEBUG 80702 --- [sapl] [           main] o.s.b.f.s.DefaultListableBeanFactory     : Autowiring by type from bean name 'controllerEndpointHandlerMapping' via factory method to bean named 'propertiesEndpointAccessResolver'
2026-04-26T11:42:43.284+02:00 DEBUG 80702 --- [sapl] [           main] o.s.b.f.s.DefaultListableBeanFactory     : Creating shared instance of singleton bean 'requestMappingHandlerAdapter'
2026-04-26T11:42:43.285+02:00 DEBUG 80702 --- [sapl] [           main] o.s.b.f.s.DefaultListableBeanFactory     : Autowiring by type from bean name 'requestMappingHandlerAdapter' via factory method to bean named 'webFluxAdapterRegistry'
2026-04-26T11:42:43.285+02:00 DEBUG 80702 --- [sapl] [           main] o.s.b.f.s.DefaultListableBeanFactory     : Autowiring by type from bean name 'requestMappingHandlerAdapter' via factory method to bean named 'serverCodecConfigurer'
2026-04-26T11:42:43.285+02:00 DEBUG 80702 --- [sapl] [           main] o.s.b.f.s.DefaultListableBeanFactory     : Autowiring by type from bean name 'requestMappingHandlerAdapter' via factory method to bean named 'webFluxConversionService'
2026-04-26T11:42:43.285+02:00 DEBUG 80702 --- [sapl] [           main] o.s.b.f.s.DefaultListableBeanFactory     : Autowiring by type from bean name 'requestMappingHandlerAdapter' via factory method to bean named 'webFluxContentTypeResolver'
2026-04-26T11:42:43.285+02:00 DEBUG 80702 --- [sapl] [           main] o.s.b.f.s.DefaultListableBeanFactory     : Autowiring by type from bean name 'requestMappingHandlerAdapter' via factory method to bean named 'webFluxValidator'
2026-04-26T11:42:43.304+02:00 DEBUG 80702 --- [sapl] [           main] o.s.w.r.r.m.a.ControllerMethodResolver   : ControllerAdvice beans: none
2026-04-26T11:42:43.304+02:00 DEBUG 80702 --- [sapl] [           main] o.s.b.f.s.DefaultListableBeanFactory     : Creating shared instance of singleton bean 'handlerFunctionAdapter'
2026-04-26T11:42:43.305+02:00 DEBUG 80702 --- [sapl] [           main] o.s.b.f.s.DefaultListableBeanFactory     : Creating shared instance of singleton bean 'simpleHandlerAdapter'
2026-04-26T11:42:43.305+02:00 DEBUG 80702 --- [sapl] [           main] o.s.b.f.s.DefaultListableBeanFactory     : Creating shared instance of singleton bean 'webFluxWebSocketHandlerAdapter'
2026-04-26T11:42:43.309+02:00 DEBUG 80702 --- [sapl] [           main] o.s.b.f.s.DefaultListableBeanFactory     : Creating shared instance of singleton bean 'responseEntityResultHandler'
2026-04-26T11:42:43.309+02:00 DEBUG 80702 --- [sapl] [           main] o.s.b.f.s.DefaultListableBeanFactory     : Autowiring by type from bean name 'responseEntityResultHandler' via factory method to bean named 'webFluxAdapterRegistry'
2026-04-26T11:42:43.309+02:00 DEBUG 80702 --- [sapl] [           main] o.s.b.f.s.DefaultListableBeanFactory     : Autowiring by type from bean name 'responseEntityResultHandler' via factory method to bean named 'serverCodecConfigurer'
2026-04-26T11:42:43.309+02:00 DEBUG 80702 --- [sapl] [           main] o.s.b.f.s.DefaultListableBeanFactory     : Autowiring by type from bean name 'responseEntityResultHandler' via factory method to bean named 'webFluxContentTypeResolver'
2026-04-26T11:42:43.311+02:00 DEBUG 80702 --- [sapl] [           main] o.s.b.f.s.DefaultListableBeanFactory     : Creating shared instance of singleton bean 'responseBodyResultHandler'
2026-04-26T11:42:43.311+02:00 DEBUG 80702 --- [sapl] [           main] o.s.b.f.s.DefaultListableBeanFactory     : Autowiring by type from bean name 'responseBodyResultHandler' via factory method to bean named 'webFluxAdapterRegistry'
2026-04-26T11:42:43.312+02:00 DEBUG 80702 --- [sapl] [           main] o.s.b.f.s.DefaultListableBeanFactory     : Autowiring by type from bean name 'responseBodyResultHandler' via factory method to bean named 'serverCodecConfigurer'
2026-04-26T11:42:43.312+02:00 DEBUG 80702 --- [sapl] [           main] o.s.b.f.s.DefaultListableBeanFactory     : Autowiring by type from bean name 'responseBodyResultHandler' via factory method to bean named 'webFluxContentTypeResolver'
2026-04-26T11:42:43.312+02:00 DEBUG 80702 --- [sapl] [           main] o.s.b.f.s.DefaultListableBeanFactory     : Creating shared instance of singleton bean 'viewResolutionResultHandler'
2026-04-26T11:42:43.312+02:00 DEBUG 80702 --- [sapl] [           main] o.s.b.f.s.DefaultListableBeanFactory     : Autowiring by type from bean name 'viewResolutionResultHandler' via factory method to bean named 'webFluxAdapterRegistry'
2026-04-26T11:42:43.312+02:00 DEBUG 80702 --- [sapl] [           main] o.s.b.f.s.DefaultListableBeanFactory     : Autowiring by type from bean name 'viewResolutionResultHandler' via factory method to bean named 'webFluxContentTypeResolver'
2026-04-26T11:42:43.316+02:00 DEBUG 80702 --- [sapl] [           main] o.s.b.f.s.DefaultListableBeanFactory     : Creating shared instance of singleton bean 'serverResponseResultHandler'
2026-04-26T11:42:43.316+02:00 DEBUG 80702 --- [sapl] [           main] o.s.b.f.s.DefaultListableBeanFactory     : Autowiring by type from bean name 'serverResponseResultHandler' via factory method to bean named 'serverCodecConfigurer'
2026-04-26T11:42:43.316+02:00 DEBUG 80702 --- [sapl] [           main] o.s.b.f.s.DefaultListableBeanFactory     : Creating shared instance of singleton bean 'responseStatusExceptionHandler'
2026-04-26T11:42:43.317+02:00 DEBUG 80702 --- [sapl] [           main] o.s.b.f.s.DefaultListableBeanFactory     : Creating shared instance of singleton bean 'org.springframework.boot.webflux.autoconfigure.WebFluxAutoConfiguration'
2026-04-26T11:42:43.318+02:00 DEBUG 80702 --- [sapl] [           main] o.s.b.f.s.DefaultListableBeanFactory     : Creating shared instance of singleton bean 'org.springframework.boot.webflux.autoconfigure.HttpHandlerAutoConfiguration$AnnotationConfig'
2026-04-26T11:42:43.319+02:00 DEBUG 80702 --- [sapl] [           main] o.s.b.f.s.DefaultListableBeanFactory     : Autowiring by type from bean name 'org.springframework.boot.webflux.autoconfigure.HttpHandlerAutoConfiguration$AnnotationConfig' via constructor to bean named 'org.springframework.boot.web.server.reactive.context.AnnotationConfigReactiveWebServerApplicationContext@7cedfa63'
2026-04-26T11:42:43.319+02:00 DEBUG 80702 --- [sapl] [           main] o.s.b.f.s.DefaultListableBeanFactory     : Creating shared instance of singleton bean 'httpHandler'
2026-04-26T11:42:43.320+02:00 DEBUG 80702 --- [sapl] [           main] o.s.b.f.s.DefaultListableBeanFactory     : Creating shared instance of singleton bean 'defaultServerRequestObservationConvention'
2026-04-26T11:42:43.327+02:00 DEBUG 80702 --- [sapl] [           main] o.s.w.s.adapter.HttpWebHandlerAdapter    : enableLoggingRequestDetails='false': form data and headers will be masked to prevent unsafe logging of potentially sensitive data
2026-04-26T11:42:43.328+02:00 DEBUG 80702 --- [sapl] [           main] o.s.b.f.s.DefaultListableBeanFactory     : Creating shared instance of singleton bean 'org.springframework.boot.webflux.autoconfigure.HttpHandlerAutoConfiguration'
2026-04-26T11:42:43.328+02:00 DEBUG 80702 --- [sapl] [           main] o.s.b.f.s.DefaultListableBeanFactory     : Creating shared instance of singleton bean 'io.sapl.spring.constraints.ConstraintEnforcementService'
2026-04-26T11:42:43.333+02:00 DEBUG 80702 --- [sapl] [           main] o.s.b.f.s.DefaultListableBeanFactory     : Creating shared instance of singleton bean 'jsonNodeContentFilteringProvider'
2026-04-26T11:42:43.333+02:00 DEBUG 80702 --- [sapl] [           main] o.s.b.f.s.DefaultListableBeanFactory     : Creating shared instance of singleton bean 'io.sapl.spring.config.ConstraintsHandlerAutoconfiguration'
2026-04-26T11:42:43.334+02:00 DEBUG 80702 --- [sapl] [           main] o.s.b.f.s.DefaultListableBeanFactory     : Autowiring by type from bean name 'jsonNodeContentFilteringProvider' via factory method to bean named 'jacksonJsonMapper'
2026-04-26T11:42:43.335+02:00 DEBUG 80702 --- [sapl] [           main] o.s.b.f.s.DefaultListableBeanFactory     : Creating shared instance of singleton bean 'contentFilterPredicateProvider'
2026-04-26T11:42:43.336+02:00 DEBUG 80702 --- [sapl] [           main] o.s.b.f.s.DefaultListableBeanFactory     : Autowiring by type from bean name 'contentFilterPredicateProvider' via factory method to bean named 'jacksonJsonMapper'
2026-04-26T11:42:43.336+02:00 DEBUG 80702 --- [sapl] [           main] o.s.b.f.s.DefaultListableBeanFactory     : Autowiring by type from bean name 'io.sapl.spring.constraints.ConstraintEnforcementService' via constructor to bean named 'jsonNodeContentFilteringProvider'
2026-04-26T11:42:43.336+02:00 DEBUG 80702 --- [sapl] [           main] o.s.b.f.s.DefaultListableBeanFactory     : Autowiring by type from bean name 'io.sapl.spring.constraints.ConstraintEnforcementService' via constructor to bean named 'contentFilterPredicateProvider'
2026-04-26T11:42:43.336+02:00 DEBUG 80702 --- [sapl] [           main] o.s.b.f.s.DefaultListableBeanFactory     : Autowiring by type from bean name 'io.sapl.spring.constraints.ConstraintEnforcementService' via constructor to bean named 'jacksonJsonMapper'
2026-04-26T11:42:43.338+02:00 DEBUG 80702 --- [sapl] [           main] o.s.b.f.s.DefaultListableBeanFactory     : Creating shared instance of singleton bean 'io.sapl.spring.data.config.SaplSpringDataCommonAutoConfiguration'
2026-04-26T11:42:43.338+02:00 DEBUG 80702 --- [sapl] [           main] .c.SaplSpringDataCommonAutoConfiguration : # Setting up SAPL Spring Data Commons..
2026-04-26T11:42:43.338+02:00 DEBUG 80702 --- [sapl] [           main] o.s.b.f.s.DefaultListableBeanFactory     : Creating shared instance of singleton bean 'constraintQueryEnforcementService'
2026-04-26T11:42:43.372+02:00 DEBUG 80702 --- [sapl] [           main] o.s.b.f.s.DefaultListableBeanFactory     : Creating shared instance of singleton bean 'authorizationSubscriptionBuilderService'
2026-04-26T11:42:43.373+02:00 DEBUG 80702 --- [sapl] [           main] o.s.b.f.s.DefaultListableBeanFactory     : Autowiring by type from bean name 'authorizationSubscriptionBuilderService' via factory method to bean named 'org.springframework.boot.web.server.reactive.context.AnnotationConfigReactiveWebServerApplicationContext@7cedfa63'
2026-04-26T11:42:43.376+02:00 DEBUG 80702 --- [sapl] [           main] o.s.b.f.s.DefaultListableBeanFactory     : Creating shared instance of singleton bean 'repositoryInformationCollectorService'
2026-04-26T11:42:43.377+02:00 DEBUG 80702 --- [sapl] [           main] o.s.b.f.s.DefaultListableBeanFactory     : Creating shared instance of singleton bean 'r2dbcPolicyEnforcementPoint'
2026-04-26T11:42:43.377+02:00 DEBUG 80702 --- [sapl] [           main] o.s.b.f.s.DefaultListableBeanFactory     : Autowiring by type from bean name 'r2dbcPolicyEnforcementPoint' via factory method to bean named 'repositoryInformationCollectorService'
2026-04-26T11:42:43.377+02:00 DEBUG 80702 --- [sapl] [           main] i.s.s.d.r.c.SaplR2dbcAutoConfiguration   : # Instantiate R2dbcPolicyEnforcementPoint...
2026-04-26T11:42:43.377+02:00 DEBUG 80702 --- [sapl] [           main] o.s.b.f.s.DefaultListableBeanFactory     : Creating shared instance of singleton bean 'r2dbcRepositoryProxyPostProcessor'
2026-04-26T11:42:43.378+02:00 DEBUG 80702 --- [sapl] [           main] o.s.b.f.s.DefaultListableBeanFactory     : Autowiring by type from bean name 'r2dbcRepositoryProxyPostProcessor' via factory method to bean named 'r2dbcPolicyEnforcementPoint'
2026-04-26T11:42:43.378+02:00 DEBUG 80702 --- [sapl] [           main] o.s.b.f.s.DefaultListableBeanFactory     : Autowiring by type from bean name 'r2dbcRepositoryProxyPostProcessor' via factory method to bean named 'repositoryInformationCollectorService'
2026-04-26T11:42:43.378+02:00 DEBUG 80702 --- [sapl] [           main] i.s.s.d.r.c.SaplR2dbcAutoConfiguration   : # Instantiate R2dbcRepositoryProxyPostProcessor...
2026-04-26T11:42:43.378+02:00 DEBUG 80702 --- [sapl] [           main] o.s.b.f.s.DefaultListableBeanFactory     : Creating shared instance of singleton bean 'saplR2dbcRepositoryFactoryCustomizer'
2026-04-26T11:42:43.378+02:00 DEBUG 80702 --- [sapl] [           main] o.s.b.f.s.DefaultListableBeanFactory     : Autowiring by type from bean name 'saplR2dbcRepositoryFactoryCustomizer' via factory method to bean named 'r2dbcRepositoryProxyPostProcessor'
2026-04-26T11:42:43.378+02:00 DEBUG 80702 --- [sapl] [           main] i.s.s.d.r.c.SaplR2dbcAutoConfiguration   : # Instantiate SaplR2dbcRepositoryFactoryCustomizer...
2026-04-26T11:42:43.379+02:00 DEBUG 80702 --- [sapl] [           main] o.s.b.f.s.DefaultListableBeanFactory     : Creating shared instance of singleton bean 'r2dbcAnnotationQueryManipulationEnforcementPoint'
2026-04-26T11:42:43.379+02:00 DEBUG 80702 --- [sapl] [           main] o.s.b.f.s.DefaultListableBeanFactory     : Autowiring by type from bean name 'r2dbcAnnotationQueryManipulationEnforcementPoint' via factory method to bean named 'io.sapl.spring.constraints.ConstraintEnforcementService'
2026-04-26T11:42:43.380+02:00 DEBUG 80702 --- [sapl] [           main] o.s.b.f.s.DefaultListableBeanFactory     : Creating shared instance of singleton bean 'r2dbcMethodNameQueryManipulationEnforcementPointProvider'
2026-04-26T11:42:43.380+02:00 DEBUG 80702 --- [sapl] [           main] o.s.b.f.s.DefaultListableBeanFactory     : Autowiring by type from bean name 'r2dbcMethodNameQueryManipulationEnforcementPointProvider' via factory method to bean named 'io.sapl.spring.constraints.ConstraintEnforcementService'
2026-04-26T11:42:43.380+02:00 DEBUG 80702 --- [sapl] [           main] o.s.b.f.s.DefaultListableBeanFactory     : Creating shared instance of singleton bean 'queryManipulationExecutor'
2026-04-26T11:42:43.380+02:00 DEBUG 80702 --- [sapl] [           main] o.s.b.f.s.DefaultListableBeanFactory     : Creating shared instance of singleton bean 'sqlQueryExecutor'
2026-04-26T11:42:43.381+02:00 DEBUG 80702 --- [sapl] [           main] o.s.b.f.s.DefaultListableBeanFactory     : Creating shared instance of singleton bean 'io.sapl.spring.pdp.embedded.InterceptorAutoConfiguration'
2026-04-26T11:42:43.381+02:00 DEBUG 80702 --- [sapl] [           main] o.s.b.f.s.DefaultListableBeanFactory     : Autowiring by type from bean name 'io.sapl.spring.pdp.embedded.InterceptorAutoConfiguration' via constructor to bean named 'io.sapl.pdp.embedded-io.sapl.spring.pdp.embedded.EmbeddedPDPProperties'
2026-04-26T11:42:43.381+02:00 DEBUG 80702 --- [sapl] [           main] o.s.b.f.s.DefaultListableBeanFactory     : Creating shared instance of singleton bean 'reportingDecisionInterceptor'
2026-04-26T11:42:43.381+02:00 DEBUG 80702 --- [sapl] [           main] o.s.b.f.s.DefaultListableBeanFactory     : Creating shared instance of singleton bean 'clock'
2026-04-26T11:42:43.382+02:00 DEBUG 80702 --- [sapl] [           main] o.s.b.f.s.DefaultListableBeanFactory     : Creating shared instance of singleton bean 'org.springframework.boot.actuate.autoconfigure.endpoint.jackson.Jackson2EndpointAutoConfiguration'
2026-04-26T11:42:43.382+02:00 DEBUG 80702 --- [sapl] [           main] o.s.b.f.s.DefaultListableBeanFactory     : Creating shared instance of singleton bean 'jackson2EndpointJsonMapper'
2026-04-26T11:42:43.384+02:00 DEBUG 80702 --- [sapl] [           main] o.s.b.f.s.DefaultListableBeanFactory     : Creating shared instance of singleton bean 'pathMappedEndpoints'
2026-04-26T11:42:43.385+02:00 DEBUG 80702 --- [sapl] [           main] o.s.b.f.s.DefaultListableBeanFactory     : Autowiring by type from bean name 'pathMappedEndpoints' via factory method to bean named 'webEndpointDiscoverer'
2026-04-26T11:42:43.385+02:00 DEBUG 80702 --- [sapl] [           main] o.s.b.f.s.DefaultListableBeanFactory     : Autowiring by type from bean name 'pathMappedEndpoints' via factory method to bean named 'controllerEndpointDiscoverer'
2026-04-26T11:42:43.386+02:00 DEBUG 80702 --- [sapl] [           main] o.s.b.f.s.DefaultListableBeanFactory     : Creating shared instance of singleton bean 'org.springframework.boot.autoconfigure.aop.AopAutoConfiguration$ClassProxyingConfiguration'
2026-04-26T11:42:43.386+02:00 DEBUG 80702 --- [sapl] [           main] o.s.b.f.s.DefaultListableBeanFactory     : Creating shared instance of singleton bean 'org.springframework.boot.autoconfigure.aop.AopAutoConfiguration'
2026-04-26T11:42:43.386+02:00 DEBUG 80702 --- [sapl] [           main] o.s.b.f.s.DefaultListableBeanFactory     : Creating shared instance of singleton bean 'org.springframework.boot.autoconfigure.context.ConfigurationPropertiesAutoConfiguration'
2026-04-26T11:42:43.386+02:00 DEBUG 80702 --- [sapl] [           main] o.s.b.f.s.DefaultListableBeanFactory     : Creating shared instance of singleton bean 'org.springframework.boot.autoconfigure.context.LifecycleAutoConfiguration'
2026-04-26T11:42:43.386+02:00 DEBUG 80702 --- [sapl] [           main] o.s.b.f.s.DefaultListableBeanFactory     : Creating shared instance of singleton bean 'lifecycleProcessor'
2026-04-26T11:42:43.387+02:00 DEBUG 80702 --- [sapl] [           main] o.s.b.f.s.DefaultListableBeanFactory     : Creating shared instance of singleton bean 'spring.lifecycle-org.springframework.boot.autoconfigure.context.LifecycleProperties'
2026-04-26T11:42:43.387+02:00 DEBUG 80702 --- [sapl] [           main] o.s.b.f.s.DefaultListableBeanFactory     : Autowiring by type from bean name 'lifecycleProcessor' via factory method to bean named 'spring.lifecycle-org.springframework.boot.autoconfigure.context.LifecycleProperties'
2026-04-26T11:42:43.389+02:00 DEBUG 80702 --- [sapl] [           main] o.s.b.f.s.DefaultListableBeanFactory     : Creating shared instance of singleton bean 'org.springframework.boot.autoconfigure.task.TaskExecutorConfigurations$SimpleAsyncTaskExecutorBuilderConfiguration'
2026-04-26T11:42:43.389+02:00 DEBUG 80702 --- [sapl] [           main] o.s.b.f.s.DefaultListableBeanFactory     : Autowiring by type from bean name 'org.springframework.boot.autoconfigure.task.TaskExecutorConfigurations$SimpleAsyncTaskExecutorBuilderConfiguration' via constructor to bean named 'spring.task.execution-org.springframework.boot.autoconfigure.task.TaskExecutionProperties'
2026-04-26T11:42:43.390+02:00 DEBUG 80702 --- [sapl] [           main] o.s.b.f.s.DefaultListableBeanFactory     : Creating shared instance of singleton bean 'simpleAsyncTaskExecutorBuilder'
2026-04-26T11:42:43.391+02:00 DEBUG 80702 --- [sapl] [           main] o.s.b.f.s.DefaultListableBeanFactory     : Creating shared instance of singleton bean 'org.springframework.boot.autoconfigure.task.TaskExecutorConfigurations$AsyncConfigurerConfiguration'
2026-04-26T11:42:43.391+02:00 DEBUG 80702 --- [sapl] [           main] o.s.b.f.s.DefaultListableBeanFactory     : Creating shared instance of singleton bean 'applicationTaskExecutorAsyncConfigurer'
2026-04-26T11:42:43.391+02:00 DEBUG 80702 --- [sapl] [           main] o.s.b.f.s.DefaultListableBeanFactory     : Autowiring by type from bean name 'applicationTaskExecutorAsyncConfigurer' via factory method to bean named 'org.springframework.beans.factory.support.DefaultListableBeanFactory@67b7c170'
2026-04-26T11:42:43.392+02:00 DEBUG 80702 --- [sapl] [           main] o.s.b.f.s.DefaultListableBeanFactory     : Creating shared instance of singleton bean 'org.springframework.boot.autoconfigure.task.TaskExecutorConfigurations$BootstrapExecutorConfiguration'
2026-04-26T11:42:43.392+02:00 DEBUG 80702 --- [sapl] [           main] o.s.b.f.s.DefaultListableBeanFactory     : Creating shared instance of singleton bean 'org.springframework.boot.autoconfigure.task.TaskExecutionAutoConfiguration'
2026-04-26T11:42:43.392+02:00 DEBUG 80702 --- [sapl] [           main] o.s.b.f.s.DefaultListableBeanFactory     : Creating shared instance of singleton bean 'org.springframework.boot.autoconfigure.task.TaskSchedulingConfigurations$ThreadPoolTaskSchedulerBuilderConfiguration'
2026-04-26T11:42:43.392+02:00 DEBUG 80702 --- [sapl] [           main] o.s.b.f.s.DefaultListableBeanFactory     : Creating shared instance of singleton bean 'threadPoolTaskSchedulerBuilder'
2026-04-26T11:42:43.393+02:00 DEBUG 80702 --- [sapl] [           main] o.s.b.f.s.DefaultListableBeanFactory     : Creating shared instance of singleton bean 'spring.task.scheduling-org.springframework.boot.autoconfigure.task.TaskSchedulingProperties'
2026-04-26T11:42:43.394+02:00 DEBUG 80702 --- [sapl] [           main] o.s.b.f.s.DefaultListableBeanFactory     : Autowiring by type from bean name 'threadPoolTaskSchedulerBuilder' via factory method to bean named 'spring.task.scheduling-org.springframework.boot.autoconfigure.task.TaskSchedulingProperties'
2026-04-26T11:42:43.395+02:00 DEBUG 80702 --- [sapl] [           main] o.s.b.f.s.DefaultListableBeanFactory     : Creating shared instance of singleton bean 'org.springframework.boot.autoconfigure.task.TaskSchedulingConfigurations$SimpleAsyncTaskSchedulerBuilderConfiguration'
2026-04-26T11:42:43.396+02:00 DEBUG 80702 --- [sapl] [           main] o.s.b.f.s.DefaultListableBeanFactory     : Autowiring by type from bean name 'org.springframework.boot.autoconfigure.task.TaskSchedulingConfigurations$SimpleAsyncTaskSchedulerBuilderConfiguration' via constructor to bean named 'spring.task.scheduling-org.springframework.boot.autoconfigure.task.TaskSchedulingProperties'
2026-04-26T11:42:43.396+02:00 DEBUG 80702 --- [sapl] [           main] o.s.b.f.s.DefaultListableBeanFactory     : Creating shared instance of singleton bean 'simpleAsyncTaskSchedulerBuilder'
2026-04-26T11:42:43.397+02:00 DEBUG 80702 --- [sapl] [           main] o.s.b.f.s.DefaultListableBeanFactory     : Creating shared instance of singleton bean 'org.springframework.boot.autoconfigure.task.TaskSchedulingAutoConfiguration'
2026-04-26T11:42:43.398+02:00 DEBUG 80702 --- [sapl] [           main] o.s.b.f.s.DefaultListableBeanFactory     : Creating shared instance of singleton bean 'cacheAutoConfigurationValidator'
2026-04-26T11:42:43.398+02:00 DEBUG 80702 --- [sapl] [           main] o.s.b.f.s.DefaultListableBeanFactory     : Autowiring by type from bean name 'cacheAutoConfigurationValidator' via factory method to bean named 'spring.cache-org.springframework.boot.cache.autoconfigure.CacheProperties'
2026-04-26T11:42:43.399+02:00 DEBUG 80702 --- [sapl] [           main] o.s.b.f.s.DefaultListableBeanFactory     : Creating shared instance of singleton bean 'meterRegistryCloser'
2026-04-26T11:42:43.399+02:00 DEBUG 80702 --- [sapl] [           main] o.s.b.f.s.DefaultListableBeanFactory     : Autowiring by type from bean name 'meterRegistryCloser' via factory method to bean named 'org.springframework.boot.web.server.reactive.context.AnnotationConfigReactiveWebServerApplicationContext@7cedfa63'
2026-04-26T11:42:43.399+02:00 DEBUG 80702 --- [sapl] [           main] o.s.b.f.s.DefaultListableBeanFactory     : Creating shared instance of singleton bean 'org.springframework.boot.micrometer.metrics.autoconfigure.CompositeMeterRegistryAutoConfiguration'
2026-04-26T11:42:43.399+02:00 DEBUG 80702 --- [sapl] [           main] o.s.b.f.s.DefaultListableBeanFactory     : Creating shared instance of singleton bean 'org.springframework.boot.cache.autoconfigure.metrics.CacheMeterBinderProvidersConfiguration$CaffeineCacheMeterBinderProviderConfiguration'
2026-04-26T11:42:43.400+02:00 DEBUG 80702 --- [sapl] [           main] o.s.b.f.s.DefaultListableBeanFactory     : Creating shared instance of singleton bean 'caffeineCacheMeterBinderProvider'
2026-04-26T11:42:43.400+02:00 DEBUG 80702 --- [sapl] [           main] o.s.b.f.s.DefaultListableBeanFactory     : Creating shared instance of singleton bean 'org.springframework.boot.cache.autoconfigure.metrics.CacheMeterBinderProvidersConfiguration'
2026-04-26T11:42:43.400+02:00 DEBUG 80702 --- [sapl] [           main] o.s.b.f.s.DefaultListableBeanFactory     : Creating shared instance of singleton bean 'org.springframework.boot.cache.autoconfigure.metrics.CacheMetricsRegistrarConfiguration'
2026-04-26T11:42:43.401+02:00 DEBUG 80702 --- [sapl] [           main] o.s.b.f.s.DefaultListableBeanFactory     : Autowiring by type from bean name 'org.springframework.boot.cache.autoconfigure.metrics.CacheMetricsRegistrarConfiguration' via constructor to bean named 'prometheusMeterRegistry'
2026-04-26T11:42:43.401+02:00 DEBUG 80702 --- [sapl] [           main] o.s.b.f.s.DefaultListableBeanFactory     : Autowiring by type from bean name 'org.springframework.boot.cache.autoconfigure.metrics.CacheMetricsRegistrarConfiguration' via constructor to bean named 'caffeineCacheMeterBinderProvider'
2026-04-26T11:42:43.401+02:00 DEBUG 80702 --- [sapl] [           main] o.s.b.f.s.DefaultListableBeanFactory     : Autowiring by type from bean name 'org.springframework.boot.cache.autoconfigure.metrics.CacheMetricsRegistrarConfiguration' via constructor to bean named 'org.springframework.beans.factory.support.DefaultListableBeanFactory@67b7c170'
2026-04-26T11:42:43.409+02:00 DEBUG 80702 --- [sapl] [           main] o.s.b.f.s.DefaultListableBeanFactory     : Creating shared instance of singleton bean 'cacheMetricsRegistrar'
2026-04-26T11:42:43.410+02:00 DEBUG 80702 --- [sapl] [           main] o.s.b.f.s.DefaultListableBeanFactory     : Creating shared instance of singleton bean 'org.springframework.boot.cache.autoconfigure.metrics.CacheMetricsAutoConfiguration'
2026-04-26T11:42:43.410+02:00 DEBUG 80702 --- [sapl] [           main] o.s.b.f.s.DefaultListableBeanFactory     : Creating shared instance of singleton bean 'org.springframework.boot.data.autoconfigure.metrics.DataRepositoryMetricsAutoConfiguration'
2026-04-26T11:42:43.410+02:00 DEBUG 80702 --- [sapl] [           main] o.s.b.f.s.DefaultListableBeanFactory     : Creating shared instance of singleton bean 'management.metrics.data-org.springframework.boot.data.autoconfigure.metrics.DataMetricsProperties'
2026-04-26T11:42:43.411+02:00 DEBUG 80702 --- [sapl] [           main] o.s.b.f.s.DefaultListableBeanFactory     : Autowiring by type from bean name 'org.springframework.boot.data.autoconfigure.metrics.DataRepositoryMetricsAutoConfiguration' via constructor to bean named 'management.metrics.data-org.springframework.boot.data.autoconfigure.metrics.DataMetricsProperties'
2026-04-26T11:42:43.411+02:00 DEBUG 80702 --- [sapl] [           main] o.s.b.f.s.DefaultListableBeanFactory     : Creating shared instance of singleton bean 'repositoryTagsProvider'
2026-04-26T11:42:43.412+02:00 DEBUG 80702 --- [sapl] [           main] o.s.b.f.s.DefaultListableBeanFactory     : Creating shared instance of singleton bean 'metricsRepositoryMethodInvocationListener'
2026-04-26T11:42:43.412+02:00 DEBUG 80702 --- [sapl] [           main] o.s.b.f.s.DefaultListableBeanFactory     : Autowiring by type from bean name 'metricsRepositoryMethodInvocationListener' via factory method to bean named 'repositoryTagsProvider'
2026-04-26T11:42:43.415+02:00 DEBUG 80702 --- [sapl] [           main] o.s.b.f.s.DefaultListableBeanFactory     : Creating shared instance of singleton bean 'org.springframework.boot.mongodb.autoconfigure.metrics.MongoMetricsAutoConfiguration'
2026-04-26T11:42:43.415+02:00 DEBUG 80702 --- [sapl] [           main] o.s.b.f.s.DefaultListableBeanFactory     : Creating shared instance of singleton bean 'mongo'
2026-04-26T11:42:43.415+02:00 DEBUG 80702 --- [sapl] [           main] o.s.b.f.s.DefaultListableBeanFactory     : Autowiring by type from bean name 'mongo' via factory method to bean named 'mongoClientSettings'
2026-04-26T11:42:43.420+02:00  INFO 80702 --- [sapl] [localhost:27017] org.mongodb.driver.cluster               : Exception in monitor thread while connecting to server localhost:27017

com.mongodb.MongoSocketOpenException: Exception opening socket
	at com.mongodb.internal.connection.netty.NettyStream$OpenChannelFutureListener.lambda$operationComplete$1(NettyStream.java:539) ~[mongodb-driver-core-5.6.3.jar!/:na]
	at com.mongodb.internal.Locks.lambda$withLock$0(Locks.java:34) ~[mongodb-driver-core-5.6.3.jar!/:na]
	at com.mongodb.internal.Locks.checkedWithLock(Locks.java:61) ~[mongodb-driver-core-5.6.3.jar!/:na]
	at com.mongodb.internal.Locks.withLock(Locks.java:55) ~[mongodb-driver-core-5.6.3.jar!/:na]
	at com.mongodb.internal.Locks.withLock(Locks.java:33) ~[mongodb-driver-core-5.6.3.jar!/:na]
	at com.mongodb.internal.connection.netty.NettyStream$OpenChannelFutureListener.operationComplete(NettyStream.java:526) ~[mongodb-driver-core-5.6.3.jar!/:na]
	at com.mongodb.internal.connection.netty.NettyStream$OpenChannelFutureListener.operationComplete(NettyStream.java:509) ~[mongodb-driver-core-5.6.3.jar!/:na]
	at io.netty.util.concurrent.DefaultPromise.notifyListener0(DefaultPromise.java:604) ~[netty-common-4.2.10.Final.jar!/:4.2.10.Final]
	at io.netty.util.concurrent.DefaultPromise.notifyListeners0(DefaultPromise.java:597) ~[netty-common-4.2.10.Final.jar!/:4.2.10.Final]
	at io.netty.util.concurrent.DefaultPromise.notifyListenersNow(DefaultPromise.java:573) ~[netty-common-4.2.10.Final.jar!/:4.2.10.Final]
	at io.netty.util.concurrent.DefaultPromise.notifyListeners(DefaultPromise.java:506) ~[netty-common-4.2.10.Final.jar!/:4.2.10.Final]
	at io.netty.util.concurrent.DefaultPromise.setValue0(DefaultPromise.java:650) ~[netty-common-4.2.10.Final.jar!/:4.2.10.Final]
	at io.netty.util.concurrent.DefaultPromise.setFailure0(DefaultPromise.java:643) ~[netty-common-4.2.10.Final.jar!/:4.2.10.Final]
	at io.netty.util.concurrent.DefaultPromise.tryFailure(DefaultPromise.java:132) ~[netty-common-4.2.10.Final.jar!/:4.2.10.Final]
	at io.netty.channel.nio.AbstractNioChannel$AbstractNioUnsafe.fulfillConnectPromise(AbstractNioChannel.java:371) ~[netty-transport-4.2.10.Final.jar!/:4.2.10.Final]
	at io.netty.channel.nio.AbstractNioChannel$AbstractNioUnsafe.finishConnect(AbstractNioChannel.java:387) ~[netty-transport-4.2.10.Final.jar!/:4.2.10.Final]
	at io.netty.channel.nio.AbstractNioChannel$AbstractNioUnsafe.handle(AbstractNioChannel.java:432) ~[netty-transport-4.2.10.Final.jar!/:4.2.10.Final]
	at io.netty.channel.nio.NioIoHandler$DefaultNioRegistration.handle(NioIoHandler.java:388) ~[netty-transport-4.2.10.Final.jar!/:4.2.10.Final]
	at io.netty.channel.nio.NioIoHandler.processSelectedKey(NioIoHandler.java:596) ~[netty-transport-4.2.10.Final.jar!/:4.2.10.Final]
	at io.netty.channel.nio.NioIoHandler.processSelectedKeysOptimized(NioIoHandler.java:571) ~[netty-transport-4.2.10.Final.jar!/:4.2.10.Final]
	at io.netty.channel.nio.NioIoHandler.processSelectedKeys(NioIoHandler.java:512) ~[netty-transport-4.2.10.Final.jar!/:4.2.10.Final]
	at io.netty.channel.nio.NioIoHandler.run(NioIoHandler.java:484) ~[netty-transport-4.2.10.Final.jar!/:4.2.10.Final]
	at io.netty.channel.SingleThreadIoEventLoop.runIo(SingleThreadIoEventLoop.java:225) ~[netty-transport-4.2.10.Final.jar!/:4.2.10.Final]
	at io.netty.channel.SingleThreadIoEventLoop.run(SingleThreadIoEventLoop.java:196) ~[netty-transport-4.2.10.Final.jar!/:4.2.10.Final]
	at io.netty.util.concurrent.SingleThreadEventExecutor$5.run(SingleThreadEventExecutor.java:1195) ~[netty-common-4.2.10.Final.jar!/:4.2.10.Final]
	at io.netty.util.internal.ThreadExecutorMap$2.run(ThreadExecutorMap.java:74) ~[netty-common-4.2.10.Final.jar!/:4.2.10.Final]
	at io.netty.util.concurrent.FastThreadLocalRunnable.run(FastThreadLocalRunnable.java:30) ~[netty-common-4.2.10.Final.jar!/:4.2.10.Final]
	at java.base/java.lang.Thread.run(Thread.java:1583) ~[na:na]
Caused by: io.netty.channel.AbstractChannel$AnnotatedConnectException: Verbindungsaufbau abgelehnt: localhost/[0:0:0:0:0:0:0:1]:27017
Caused by: java.net.ConnectException: Verbindungsaufbau abgelehnt
	at java.base/sun.nio.ch.Net.pollConnect(Native Method) ~[na:na]
	at java.base/sun.nio.ch.Net.pollConnectNow(Net.java:690) ~[na:na]
	at java.base/sun.nio.ch.SocketChannelImpl.finishConnect(SocketChannelImpl.java:973) ~[na:na]
	at io.netty.channel.socket.nio.NioSocketChannel.doFinishConnect(NioSocketChannel.java:330) ~[netty-transport-4.2.10.Final.jar!/:4.2.10.Final]
	at io.netty.channel.nio.AbstractNioChannel$AbstractNioUnsafe.finishConnect(AbstractNioChannel.java:384) ~[netty-transport-4.2.10.Final.jar!/:4.2.10.Final]
	at io.netty.channel.nio.AbstractNioChannel$AbstractNioUnsafe.handle(AbstractNioChannel.java:432) ~[netty-transport-4.2.10.Final.jar!/:4.2.10.Final]
	at io.netty.channel.nio.NioIoHandler$DefaultNioRegistration.handle(NioIoHandler.java:388) ~[netty-transport-4.2.10.Final.jar!/:4.2.10.Final]
	at io.netty.channel.nio.NioIoHandler.processSelectedKey(NioIoHandler.java:596) ~[netty-transport-4.2.10.Final.jar!/:4.2.10.Final]
	at io.netty.channel.nio.NioIoHandler.processSelectedKeysOptimized(NioIoHandler.java:571) ~[netty-transport-4.2.10.Final.jar!/:4.2.10.Final]
	at io.netty.channel.nio.NioIoHandler.processSelectedKeys(NioIoHandler.java:512) ~[netty-transport-4.2.10.Final.jar!/:4.2.10.Final]
	at io.netty.channel.nio.NioIoHandler.run(NioIoHandler.java:484) ~[netty-transport-4.2.10.Final.jar!/:4.2.10.Final]
	at io.netty.channel.SingleThreadIoEventLoop.runIo(SingleThreadIoEventLoop.java:225) ~[netty-transport-4.2.10.Final.jar!/:4.2.10.Final]
	at io.netty.channel.SingleThreadIoEventLoop.run(SingleThreadIoEventLoop.java:196) ~[netty-transport-4.2.10.Final.jar!/:4.2.10.Final]
	at io.netty.util.concurrent.SingleThreadEventExecutor$5.run(SingleThreadEventExecutor.java:1195) ~[netty-common-4.2.10.Final.jar!/:4.2.10.Final]
	at io.netty.util.internal.ThreadExecutorMap$2.run(ThreadExecutorMap.java:74) ~[netty-common-4.2.10.Final.jar!/:4.2.10.Final]
	at io.netty.util.concurrent.FastThreadLocalRunnable.run(FastThreadLocalRunnable.java:30) ~[netty-common-4.2.10.Final.jar!/:4.2.10.Final]
	at java.base/java.lang.Thread.run(Thread.java:1583) ~[na:na]

2026-04-26T11:42:43.422+02:00  INFO 80702 --- [sapl] [           main] org.mongodb.driver.client                : MongoClient with metadata {"driver": {"name": "mongo-java-driver|spring-boot|sync", "version": "5.6.3"}, "os": {"type": "Linux", "name": "Linux", "architecture": "amd64", "version": "6.19.10-1-cachyos"}, "platform": "Java/Oracle Corporation/21.0.10+8-LTS-jvmci-23.1-b84"} created with settings MongoClientSettings{readPreference=primary, writeConcern=WriteConcern{w=null, wTimeout=null ms, journal=null}, retryWrites=true, retryReads=true, readConcern=ReadConcern{level=null}, credential=null, transportSettings=NettyTransportSettings{eventLoopGroup=io.netty.channel.MultiThreadIoEventLoopGroup@65402e26, socketChannelClass=null, allocator=null, sslContext=null}, commandListeners=[io.micrometer.core.instrument.binder.mongodb.MongoMetricsCommandListener@1aa7d66e], codecRegistry=ProvidersCodecRegistry{codecProviders=[ValueCodecProvider{}, BsonValueCodecProvider{}, DBRefCodecProvider{}, DBObjectCodecProvider{}, DocumentCodecProvider{}, CollectionCodecProvider{}, IterableCodecProvider{}, MapCodecProvider{}, GeoJsonCodecProvider{}, GridFSFileCodecProvider{}, Jsr310CodecProvider{}, JsonObjectCodecProvider{}, BsonCodecProvider{}, com.mongodb.client.model.mql.ExpressionCodecProvider@5cc85ffc, com.mongodb.Jep395RecordCodecProvider@189f2184, com.mongodb.KotlinCodecProvider@57386162, EnumCodecProvider{}]}, loggerSettings=LoggerSettings{maxDocumentLength=1000}, clusterSettings={hosts=[localhost:27017], srvServiceName=mongodb, mode=SINGLE, requiredClusterType=UNKNOWN, requiredReplicaSetName='null', serverSelector='null', clusterListeners='[]', serverSelectionTimeout='30000 ms', localThreshold='15 ms'}, socketSettings=SocketSettings{connectTimeoutMS=10000, readTimeoutMS=0, receiveBufferSize=0, proxySettings=ProxySettings{host=null, port=null, username=null, password=null}}, heartbeatSocketSettings=SocketSettings{connectTimeoutMS=10000, readTimeoutMS=10000, receiveBufferSize=0, proxySettings=ProxySettings{host=null, port=null, username=null, password=null}}, connectionPoolSettings=ConnectionPoolSettings{maxSize=100, minSize=0, maxWaitTimeMS=120000, maxConnectionLifeTimeMS=0, maxConnectionIdleTimeMS=0, maintenanceInitialDelayMS=0, maintenanceFrequencyMS=60000, connectionPoolListeners=[io.micrometer.core.instrument.binder.mongodb.MongoMetricsConnectionPoolListener@7388d94d], maxConnecting=2}, serverSettings=ServerSettings{heartbeatFrequencyMS=10000, minHeartbeatFrequencyMS=500, serverMonitoringMode=AUTO, serverListeners='[]', serverMonitorListeners='[]'}, sslSettings=SslSettings{enabled=false, invalidHostNameAllowed=false, context=null}, applicationName='null', compressorList=[], uuidRepresentation=UNSPECIFIED, serverApi=null, autoEncryptionSettings=null, dnsClient=null, inetAddressResolver=null, contextProvider=null, timeoutMS=null}
2026-04-26T11:42:43.424+02:00 DEBUG 80702 --- [sapl] [           main] o.s.b.f.s.DefaultListableBeanFactory     : Creating shared instance of singleton bean 'org.springframework.boot.data.mongodb.autoconfigure.DataMongoConfiguration'
2026-04-26T11:42:43.425+02:00 DEBUG 80702 --- [sapl] [           main] o.s.b.f.s.DefaultListableBeanFactory     : Creating shared instance of singleton bean 'spring.data.mongodb-org.springframework.boot.data.mongodb.autoconfigure.DataMongoProperties'
2026-04-26T11:42:43.426+02:00 DEBUG 80702 --- [sapl] [           main] o.s.b.f.s.DefaultListableBeanFactory     : Autowiring by type from bean name 'org.springframework.boot.data.mongodb.autoconfigure.DataMongoConfiguration' via constructor to bean named 'spring.data.mongodb-org.springframework.boot.data.mongodb.autoconfigure.DataMongoProperties'
2026-04-26T11:42:43.426+02:00 DEBUG 80702 --- [sapl] [           main] o.s.b.f.s.DefaultListableBeanFactory     : Creating shared instance of singleton bean 'mongoManagedTypes'
2026-04-26T11:42:43.426+02:00 DEBUG 80702 --- [sapl] [           main] o.s.b.f.s.DefaultListableBeanFactory     : Autowiring by type from bean name 'mongoManagedTypes' via factory method to bean named 'org.springframework.boot.web.server.reactive.context.AnnotationConfigReactiveWebServerApplicationContext@7cedfa63'
2026-04-26T11:42:43.431+02:00 DEBUG 80702 --- [sapl] [           main] o.s.b.f.s.DefaultListableBeanFactory     : Creating shared instance of singleton bean 'mongoMappingContext'
2026-04-26T11:42:43.431+02:00 DEBUG 80702 --- [sapl] [           main] o.s.b.f.s.DefaultListableBeanFactory     : Creating shared instance of singleton bean 'mongoCustomConversions'
2026-04-26T11:42:43.482+02:00 DEBUG 80702 --- [sapl] [           main] o.s.data.convert.CustomConversions       : Adding converter from class java.util.Locale to class java.lang.String as writing converter
2026-04-26T11:42:43.482+02:00 DEBUG 80702 --- [sapl] [           main] o.s.data.convert.CustomConversions       : Adding converter from class java.lang.Character to class java.lang.String as writing converter
2026-04-26T11:42:43.482+02:00 DEBUG 80702 --- [sapl] [           main] o.s.data.convert.CustomConversions       : Adding converter from class java.net.URL to class java.lang.String as writing converter
2026-04-26T11:42:43.482+02:00 DEBUG 80702 --- [sapl] [           main] o.s.data.convert.CustomConversions       : Adding converter from class java.lang.String to class java.net.URL as reading converter
2026-04-26T11:42:43.482+02:00 DEBUG 80702 --- [sapl] [           main] o.s.data.convert.CustomConversions       : Adding converter from class org.bson.Document to class java.lang.String as reading converter
2026-04-26T11:42:43.482+02:00 DEBUG 80702 --- [sapl] [           main] o.s.data.convert.CustomConversions       : Adding converter from class org.springframework.data.mongodb.core.query.Term to class java.lang.String as writing converter
2026-04-26T11:42:43.483+02:00 DEBUG 80702 --- [sapl] [           main] o.s.data.convert.CustomConversions       : Adding converter from class org.springframework.data.mongodb.core.script.NamedMongoScript to class org.bson.Document as writing converter
2026-04-26T11:42:43.483+02:00 DEBUG 80702 --- [sapl] [           main] o.s.data.convert.CustomConversions       : Adding converter from class org.bson.Document to class org.springframework.data.mongodb.core.script.NamedMongoScript as reading converter
2026-04-26T11:42:43.483+02:00 DEBUG 80702 --- [sapl] [           main] o.s.data.convert.CustomConversions       : Adding converter from class java.util.Currency to class java.lang.String as writing converter
2026-04-26T11:42:43.483+02:00 DEBUG 80702 --- [sapl] [           main] o.s.data.convert.CustomConversions       : Adding converter from class java.lang.String to class java.util.Currency as reading converter
2026-04-26T11:42:43.483+02:00 DEBUG 80702 --- [sapl] [           main] o.s.data.convert.CustomConversions       : Adding converter from class java.util.concurrent.atomic.AtomicInteger to class java.lang.Integer as writing converter
2026-04-26T11:42:43.483+02:00 DEBUG 80702 --- [sapl] [           main] o.s.data.convert.CustomConversions       : Adding converter from class java.util.concurrent.atomic.AtomicLong to class java.lang.Long as writing converter
2026-04-26T11:42:43.483+02:00 DEBUG 80702 --- [sapl] [           main] o.s.data.convert.CustomConversions       : Adding converter from class java.lang.Long to class java.util.concurrent.atomic.AtomicLong as reading converter
2026-04-26T11:42:43.483+02:00 DEBUG 80702 --- [sapl] [           main] o.s.data.convert.CustomConversions       : Adding converter from class java.lang.Integer to class java.util.concurrent.atomic.AtomicInteger as reading converter
2026-04-26T11:42:43.483+02:00 DEBUG 80702 --- [sapl] [           main] o.s.data.convert.CustomConversions       : Adding converter from class org.bson.types.Binary to class [B as reading converter
2026-04-26T11:42:43.483+02:00 DEBUG 80702 --- [sapl] [           main] o.s.data.convert.CustomConversions       : Adding converter from class org.bson.BsonTimestamp to class java.time.Instant as reading converter
2026-04-26T11:42:43.483+02:00 DEBUG 80702 --- [sapl] [           main] o.s.data.convert.CustomConversions       : Adding converter from class java.lang.Number to class java.lang.Number as writing converter
2026-04-26T11:42:43.483+02:00 DEBUG 80702 --- [sapl] [           main] o.s.data.convert.CustomConversions       : Adding converter from interface org.springframework.data.domain.Vector to class java.lang.Object as writing converter
2026-04-26T11:42:43.483+02:00 DEBUG 80702 --- [sapl] [           main] o.s.data.convert.CustomConversions       : Adding converter from interface java.util.List to interface org.springframework.data.domain.Vector as reading converter
2026-04-26T11:42:43.483+02:00 DEBUG 80702 --- [sapl] [           main] o.s.data.convert.CustomConversions       : Adding converter from class org.bson.BinaryVector to interface org.springframework.data.domain.Vector as reading converter
2026-04-26T11:42:43.483+02:00 DEBUG 80702 --- [sapl] [           main] o.s.data.convert.CustomConversions       : Adding converter from class java.lang.String to class java.math.BigDecimal as reading converter
2026-04-26T11:42:43.483+02:00 DEBUG 80702 --- [sapl] [           main] o.s.data.convert.CustomConversions       : Adding converter from class java.lang.String to class java.math.BigInteger as reading converter
2026-04-26T11:42:43.483+02:00 DEBUG 80702 --- [sapl] [           main] o.s.data.convert.CustomConversions       : Adding converter from class org.bson.BsonUndefined to class java.lang.Object as reading converter
2026-04-26T11:42:43.483+02:00 DEBUG 80702 --- [sapl] [           main] o.s.data.convert.CustomConversions       : Adding converter from class java.net.URI to class java.lang.String as writing converter
2026-04-26T11:42:43.483+02:00 DEBUG 80702 --- [sapl] [           main] o.s.data.convert.CustomConversions       : Adding converter from class java.lang.String to class java.net.URI as reading converter
2026-04-26T11:42:43.483+02:00 DEBUG 80702 --- [sapl] [           main] o.s.data.convert.CustomConversions       : Adding converter from class org.springframework.data.geo.Box to class org.bson.Document as writing converter
2026-04-26T11:42:43.483+02:00 DEBUG 80702 --- [sapl] [           main] o.s.data.convert.CustomConversions       : Adding converter from class org.springframework.data.geo.Polygon to class org.bson.Document as writing converter
2026-04-26T11:42:43.483+02:00 DEBUG 80702 --- [sapl] [           main] o.s.data.convert.CustomConversions       : Adding converter from class org.springframework.data.geo.Circle to class org.bson.Document as writing converter
2026-04-26T11:42:43.483+02:00 DEBUG 80702 --- [sapl] [           main] o.s.data.convert.CustomConversions       : Adding converter from class org.springframework.data.mongodb.core.geo.Sphere to class org.bson.Document as writing converter
2026-04-26T11:42:43.483+02:00 DEBUG 80702 --- [sapl] [           main] o.s.data.convert.CustomConversions       : Adding converter from class org.bson.Document to class org.springframework.data.geo.Box as reading converter
2026-04-26T11:42:43.483+02:00 DEBUG 80702 --- [sapl] [           main] o.s.data.convert.CustomConversions       : Adding converter from class org.bson.Document to class org.springframework.data.geo.Polygon as reading converter
2026-04-26T11:42:43.483+02:00 DEBUG 80702 --- [sapl] [           main] o.s.data.convert.CustomConversions       : Adding converter from class org.bson.Document to class org.springframework.data.geo.Circle as reading converter
2026-04-26T11:42:43.483+02:00 DEBUG 80702 --- [sapl] [           main] o.s.data.convert.CustomConversions       : Adding converter from class org.bson.Document to class org.springframework.data.mongodb.core.geo.Sphere as reading converter
2026-04-26T11:42:43.483+02:00 DEBUG 80702 --- [sapl] [           main] o.s.data.convert.CustomConversions       : Adding converter from class org.bson.Document to class org.springframework.data.geo.Point as reading converter
2026-04-26T11:42:43.483+02:00 DEBUG 80702 --- [sapl] [           main] o.s.data.convert.CustomConversions       : Adding converter from class org.springframework.data.geo.Point to class org.bson.Document as writing converter
2026-04-26T11:42:43.483+02:00 DEBUG 80702 --- [sapl] [           main] o.s.data.convert.CustomConversions       : Adding converter from class org.springframework.data.mongodb.core.query.GeoCommand to class org.bson.Document as writing converter
2026-04-26T11:42:43.483+02:00 DEBUG 80702 --- [sapl] [           main] o.s.data.convert.CustomConversions       : Adding converter from interface org.springframework.data.mongodb.core.geo.GeoJson to class org.bson.Document as writing converter
2026-04-26T11:42:43.483+02:00 DEBUG 80702 --- [sapl] [           main] o.s.data.convert.CustomConversions       : Adding converter from class org.springframework.data.mongodb.core.geo.GeoJsonPoint to class org.bson.Document as writing converter
2026-04-26T11:42:43.483+02:00 DEBUG 80702 --- [sapl] [           main] o.s.data.convert.CustomConversions       : Adding converter from class org.springframework.data.mongodb.core.geo.GeoJsonPolygon to class org.bson.Document as writing converter
2026-04-26T11:42:43.483+02:00 DEBUG 80702 --- [sapl] [           main] o.s.data.convert.CustomConversions       : Adding converter from class org.bson.Document to class org.springframework.data.mongodb.core.geo.GeoJsonPoint as reading converter
2026-04-26T11:42:43.483+02:00 DEBUG 80702 --- [sapl] [           main] o.s.data.convert.CustomConversions       : Adding converter from class org.bson.Document to class org.springframework.data.mongodb.core.geo.GeoJsonPolygon as reading converter
2026-04-26T11:42:43.483+02:00 DEBUG 80702 --- [sapl] [           main] o.s.data.convert.CustomConversions       : Adding converter from class org.bson.Document to class org.springframework.data.mongodb.core.geo.GeoJsonLineString as reading converter
2026-04-26T11:42:43.483+02:00 DEBUG 80702 --- [sapl] [           main] o.s.data.convert.CustomConversions       : Adding converter from class org.bson.Document to class org.springframework.data.mongodb.core.geo.GeoJsonMultiLineString as reading converter
2026-04-26T11:42:43.483+02:00 DEBUG 80702 --- [sapl] [           main] o.s.data.convert.CustomConversions       : Adding converter from class org.bson.Document to class org.springframework.data.mongodb.core.geo.GeoJsonMultiPoint as reading converter
2026-04-26T11:42:43.483+02:00 DEBUG 80702 --- [sapl] [           main] o.s.data.convert.CustomConversions       : Adding converter from class org.bson.Document to class org.springframework.data.mongodb.core.geo.GeoJsonMultiPolygon as reading converter
2026-04-26T11:42:43.483+02:00 DEBUG 80702 --- [sapl] [           main] o.s.data.convert.CustomConversions       : Adding converter from class org.bson.Document to class org.springframework.data.mongodb.core.geo.GeoJsonGeometryCollection as reading converter
2026-04-26T11:42:43.484+02:00 DEBUG 80702 --- [sapl] [           main] o.s.data.convert.CustomConversions       : Adding converter from class org.bson.Document to interface org.springframework.data.mongodb.core.geo.GeoJson as reading converter
2026-04-26T11:42:43.484+02:00 DEBUG 80702 --- [sapl] [           main] o.s.data.convert.CustomConversions       : Adding converter from class java.util.Date to class java.time.LocalDateTime as reading converter
2026-04-26T11:42:43.484+02:00 DEBUG 80702 --- [sapl] [           main] o.s.data.convert.CustomConversions       : Adding converter from class java.time.LocalDateTime to class java.util.Date as writing converter
2026-04-26T11:42:43.484+02:00 DEBUG 80702 --- [sapl] [           main] o.s.data.convert.CustomConversions       : Adding converter from class java.util.Date to class java.time.LocalDate as reading converter
2026-04-26T11:42:43.484+02:00 DEBUG 80702 --- [sapl] [           main] o.s.data.convert.CustomConversions       : Adding converter from class java.time.LocalDate to class java.util.Date as writing converter
2026-04-26T11:42:43.484+02:00 DEBUG 80702 --- [sapl] [           main] o.s.data.convert.CustomConversions       : Adding converter from class java.util.Date to class java.time.LocalTime as reading converter
2026-04-26T11:42:43.484+02:00 DEBUG 80702 --- [sapl] [           main] o.s.data.convert.CustomConversions       : Adding converter from class java.time.LocalTime to class java.util.Date as writing converter
2026-04-26T11:42:43.484+02:00 DEBUG 80702 --- [sapl] [           main] o.s.data.convert.CustomConversions       : Adding converter from class java.util.Date to class java.time.Instant as reading converter
2026-04-26T11:42:43.484+02:00 DEBUG 80702 --- [sapl] [           main] o.s.data.convert.CustomConversions       : Adding converter from class java.time.Instant to class java.util.Date as writing converter
2026-04-26T11:42:43.484+02:00 DEBUG 80702 --- [sapl] [           main] o.s.data.convert.CustomConversions       : Skipping converter from class java.time.LocalDateTime to class java.time.Instant as reading converter class java.time.LocalDateTime is not a store supported simple type
2026-04-26T11:42:43.484+02:00 DEBUG 80702 --- [sapl] [           main] o.s.data.convert.CustomConversions       : Skipping converter from class java.time.Instant to class java.time.LocalDateTime as reading converter class java.time.Instant is not a store supported simple type
2026-04-26T11:42:43.484+02:00 DEBUG 80702 --- [sapl] [           main] o.s.data.convert.CustomConversions       : Adding converter from class java.time.ZoneId to class java.lang.String as writing converter
2026-04-26T11:42:43.484+02:00 DEBUG 80702 --- [sapl] [           main] o.s.data.convert.CustomConversions       : Adding converter from class java.lang.String to class java.time.ZoneId as reading converter
2026-04-26T11:42:43.484+02:00 DEBUG 80702 --- [sapl] [           main] o.s.data.convert.CustomConversions       : Adding converter from class java.time.Duration to class java.lang.String as writing converter
2026-04-26T11:42:43.484+02:00 DEBUG 80702 --- [sapl] [           main] o.s.data.convert.CustomConversions       : Adding converter from class java.lang.String to class java.time.Duration as reading converter
2026-04-26T11:42:43.484+02:00 DEBUG 80702 --- [sapl] [           main] o.s.data.convert.CustomConversions       : Adding converter from class java.time.Period to class java.lang.String as writing converter
2026-04-26T11:42:43.484+02:00 DEBUG 80702 --- [sapl] [           main] o.s.data.convert.CustomConversions       : Adding converter from class java.lang.String to class java.time.Period as reading converter
2026-04-26T11:42:43.484+02:00 DEBUG 80702 --- [sapl] [           main] o.s.data.convert.CustomConversions       : Adding converter from class java.lang.String to class java.time.LocalDate as reading converter
2026-04-26T11:42:43.484+02:00 DEBUG 80702 --- [sapl] [           main] o.s.data.convert.CustomConversions       : Adding converter from class java.lang.String to class java.time.LocalDateTime as reading converter
2026-04-26T11:42:43.484+02:00 DEBUG 80702 --- [sapl] [           main] o.s.data.convert.CustomConversions       : Adding converter from class java.lang.String to class java.time.Instant as reading converter
2026-04-26T11:42:43.485+02:00 DEBUG 80702 --- [sapl] [           main] o.s.b.f.s.DefaultListableBeanFactory     : Autowiring by type from bean name 'mongoMappingContext' via factory method to bean named 'mongoCustomConversions'
2026-04-26T11:42:43.485+02:00 DEBUG 80702 --- [sapl] [           main] o.s.b.f.s.DefaultListableBeanFactory     : Autowiring by type from bean name 'mongoMappingContext' via factory method to bean named 'mongoManagedTypes'
2026-04-26T11:42:43.498+02:00 DEBUG 80702 --- [sapl] [           main] o.s.b.f.s.DefaultListableBeanFactory     : Creating shared instance of singleton bean 'mappingMongoConverter'
2026-04-26T11:42:43.498+02:00 DEBUG 80702 --- [sapl] [           main] o.s.b.f.s.DefaultListableBeanFactory     : Autowiring by type from bean name 'mappingMongoConverter' via factory method to bean named 'mongoMappingContext'
2026-04-26T11:42:43.498+02:00 DEBUG 80702 --- [sapl] [           main] o.s.b.f.s.DefaultListableBeanFactory     : Autowiring by type from bean name 'mappingMongoConverter' via factory method to bean named 'mongoCustomConversions'
2026-04-26T11:42:43.498+02:00 DEBUG 80702 --- [sapl] [           main] o.s.b.f.s.DefaultListableBeanFactory     : Creating shared instance of singleton bean 'mongoDatabaseFactory'
2026-04-26T11:42:43.499+02:00 DEBUG 80702 --- [sapl] [           main] o.s.b.f.s.DefaultListableBeanFactory     : Creating shared instance of singleton bean 'org.springframework.boot.data.mongodb.autoconfigure.MongoDatabaseFactoryConfiguration'
2026-04-26T11:42:43.499+02:00 DEBUG 80702 --- [sapl] [           main] o.s.b.f.s.DefaultListableBeanFactory     : Autowiring by type from bean name 'mongoDatabaseFactory' via factory method to bean named 'mongo'
2026-04-26T11:42:43.499+02:00 DEBUG 80702 --- [sapl] [           main] o.s.b.f.s.DefaultListableBeanFactory     : Autowiring by type from bean name 'mongoDatabaseFactory' via factory method to bean named 'spring.mongodb-org.springframework.boot.mongodb.autoconfigure.MongoProperties'
2026-04-26T11:42:43.499+02:00 DEBUG 80702 --- [sapl] [           main] o.s.b.f.s.DefaultListableBeanFactory     : Autowiring by type from bean name 'mongoDatabaseFactory' via factory method to bean named 'mongoConnectionDetails'
2026-04-26T11:42:43.510+02:00 DEBUG 80702 --- [sapl] [           main] o.s.data.convert.CustomConversions       : Adding converter from class java.util.Locale to class java.lang.String as writing converter
2026-04-26T11:42:43.510+02:00 DEBUG 80702 --- [sapl] [           main] o.s.data.convert.CustomConversions       : Adding converter from class java.lang.Character to class java.lang.String as writing converter
2026-04-26T11:42:43.511+02:00 DEBUG 80702 --- [sapl] [           main] o.s.data.convert.CustomConversions       : Adding converter from class java.net.URL to class java.lang.String as writing converter
2026-04-26T11:42:43.511+02:00 DEBUG 80702 --- [sapl] [           main] o.s.data.convert.CustomConversions       : Adding converter from class java.lang.String to class java.net.URL as reading converter
2026-04-26T11:42:43.511+02:00 DEBUG 80702 --- [sapl] [           main] o.s.data.convert.CustomConversions       : Adding converter from class org.bson.Document to class java.lang.String as reading converter
2026-04-26T11:42:43.511+02:00 DEBUG 80702 --- [sapl] [           main] o.s.data.convert.CustomConversions       : Adding converter from class org.springframework.data.mongodb.core.query.Term to class java.lang.String as writing converter
2026-04-26T11:42:43.511+02:00 DEBUG 80702 --- [sapl] [           main] o.s.data.convert.CustomConversions       : Adding converter from class org.springframework.data.mongodb.core.script.NamedMongoScript to class org.bson.Document as writing converter
2026-04-26T11:42:43.511+02:00 DEBUG 80702 --- [sapl] [           main] o.s.data.convert.CustomConversions       : Adding converter from class org.bson.Document to class org.springframework.data.mongodb.core.script.NamedMongoScript as reading converter
2026-04-26T11:42:43.511+02:00 DEBUG 80702 --- [sapl] [           main] o.s.data.convert.CustomConversions       : Adding converter from class java.util.Currency to class java.lang.String as writing converter
2026-04-26T11:42:43.511+02:00 DEBUG 80702 --- [sapl] [           main] o.s.data.convert.CustomConversions       : Adding converter from class java.lang.String to class java.util.Currency as reading converter
2026-04-26T11:42:43.511+02:00 DEBUG 80702 --- [sapl] [           main] o.s.data.convert.CustomConversions       : Adding converter from class java.util.concurrent.atomic.AtomicInteger to class java.lang.Integer as writing converter
2026-04-26T11:42:43.511+02:00 DEBUG 80702 --- [sapl] [           main] o.s.data.convert.CustomConversions       : Adding converter from class java.util.concurrent.atomic.AtomicLong to class java.lang.Long as writing converter
2026-04-26T11:42:43.511+02:00 DEBUG 80702 --- [sapl] [           main] o.s.data.convert.CustomConversions       : Adding converter from class java.lang.Long to class java.util.concurrent.atomic.AtomicLong as reading converter
2026-04-26T11:42:43.511+02:00 DEBUG 80702 --- [sapl] [           main] o.s.data.convert.CustomConversions       : Adding converter from class java.lang.Integer to class java.util.concurrent.atomic.AtomicInteger as reading converter
2026-04-26T11:42:43.511+02:00 DEBUG 80702 --- [sapl] [           main] o.s.data.convert.CustomConversions       : Adding converter from class org.bson.types.Binary to class [B as reading converter
2026-04-26T11:42:43.511+02:00 DEBUG 80702 --- [sapl] [           main] o.s.data.convert.CustomConversions       : Adding converter from class org.bson.BsonTimestamp to class java.time.Instant as reading converter
2026-04-26T11:42:43.511+02:00 DEBUG 80702 --- [sapl] [           main] o.s.data.convert.CustomConversions       : Adding converter from class java.lang.Number to class java.lang.Number as writing converter
2026-04-26T11:42:43.511+02:00 DEBUG 80702 --- [sapl] [           main] o.s.data.convert.CustomConversions       : Adding converter from interface org.springframework.data.domain.Vector to class java.lang.Object as writing converter
2026-04-26T11:42:43.511+02:00 DEBUG 80702 --- [sapl] [           main] o.s.data.convert.CustomConversions       : Adding converter from interface java.util.List to interface org.springframework.data.domain.Vector as reading converter
2026-04-26T11:42:43.511+02:00 DEBUG 80702 --- [sapl] [           main] o.s.data.convert.CustomConversions       : Adding converter from class org.bson.BinaryVector to interface org.springframework.data.domain.Vector as reading converter
2026-04-26T11:42:43.511+02:00 DEBUG 80702 --- [sapl] [           main] o.s.data.convert.CustomConversions       : Adding converter from class java.lang.String to class java.math.BigDecimal as reading converter
2026-04-26T11:42:43.511+02:00 DEBUG 80702 --- [sapl] [           main] o.s.data.convert.CustomConversions       : Adding converter from class java.lang.String to class java.math.BigInteger as reading converter
2026-04-26T11:42:43.511+02:00 DEBUG 80702 --- [sapl] [           main] o.s.data.convert.CustomConversions       : Adding converter from class org.bson.BsonUndefined to class java.lang.Object as reading converter
2026-04-26T11:42:43.511+02:00 DEBUG 80702 --- [sapl] [           main] o.s.data.convert.CustomConversions       : Adding converter from class java.net.URI to class java.lang.String as writing converter
2026-04-26T11:42:43.511+02:00 DEBUG 80702 --- [sapl] [           main] o.s.data.convert.CustomConversions       : Adding converter from class java.lang.String to class java.net.URI as reading converter
2026-04-26T11:42:43.511+02:00 DEBUG 80702 --- [sapl] [           main] o.s.data.convert.CustomConversions       : Adding converter from class org.springframework.data.geo.Box to class org.bson.Document as writing converter
2026-04-26T11:42:43.511+02:00 DEBUG 80702 --- [sapl] [           main] o.s.data.convert.CustomConversions       : Adding converter from class org.springframework.data.geo.Polygon to class org.bson.Document as writing converter
2026-04-26T11:42:43.511+02:00 DEBUG 80702 --- [sapl] [           main] o.s.data.convert.CustomConversions       : Adding converter from class org.springframework.data.geo.Circle to class org.bson.Document as writing converter
2026-04-26T11:42:43.511+02:00 DEBUG 80702 --- [sapl] [           main] o.s.data.convert.CustomConversions       : Adding converter from class org.springframework.data.mongodb.core.geo.Sphere to class org.bson.Document as writing converter
2026-04-26T11:42:43.511+02:00 DEBUG 80702 --- [sapl] [           main] o.s.data.convert.CustomConversions       : Adding converter from class org.bson.Document to class org.springframework.data.geo.Box as reading converter
2026-04-26T11:42:43.511+02:00 DEBUG 80702 --- [sapl] [           main] o.s.data.convert.CustomConversions       : Adding converter from class org.bson.Document to class org.springframework.data.geo.Polygon as reading converter
2026-04-26T11:42:43.511+02:00 DEBUG 80702 --- [sapl] [           main] o.s.data.convert.CustomConversions       : Adding converter from class org.bson.Document to class org.springframework.data.geo.Circle as reading converter
2026-04-26T11:42:43.511+02:00 DEBUG 80702 --- [sapl] [           main] o.s.data.convert.CustomConversions       : Adding converter from class org.bson.Document to class org.springframework.data.mongodb.core.geo.Sphere as reading converter
2026-04-26T11:42:43.511+02:00 DEBUG 80702 --- [sapl] [           main] o.s.data.convert.CustomConversions       : Adding converter from class org.bson.Document to class org.springframework.data.geo.Point as reading converter
2026-04-26T11:42:43.511+02:00 DEBUG 80702 --- [sapl] [           main] o.s.data.convert.CustomConversions       : Adding converter from class org.springframework.data.geo.Point to class org.bson.Document as writing converter
2026-04-26T11:42:43.511+02:00 DEBUG 80702 --- [sapl] [           main] o.s.data.convert.CustomConversions       : Adding converter from class org.springframework.data.mongodb.core.query.GeoCommand to class org.bson.Document as writing converter
2026-04-26T11:42:43.511+02:00 DEBUG 80702 --- [sapl] [           main] o.s.data.convert.CustomConversions       : Adding converter from interface org.springframework.data.mongodb.core.geo.GeoJson to class org.bson.Document as writing converter
2026-04-26T11:42:43.511+02:00 DEBUG 80702 --- [sapl] [           main] o.s.data.convert.CustomConversions       : Adding converter from class org.springframework.data.mongodb.core.geo.GeoJsonPoint to class org.bson.Document as writing converter
2026-04-26T11:42:43.511+02:00 DEBUG 80702 --- [sapl] [           main] o.s.data.convert.CustomConversions       : Adding converter from class org.springframework.data.mongodb.core.geo.GeoJsonPolygon to class org.bson.Document as writing converter
2026-04-26T11:42:43.511+02:00 DEBUG 80702 --- [sapl] [           main] o.s.data.convert.CustomConversions       : Adding converter from class org.bson.Document to class org.springframework.data.mongodb.core.geo.GeoJsonPoint as reading converter
2026-04-26T11:42:43.511+02:00 DEBUG 80702 --- [sapl] [           main] o.s.data.convert.CustomConversions       : Adding converter from class org.bson.Document to class org.springframework.data.mongodb.core.geo.GeoJsonPolygon as reading converter
2026-04-26T11:42:43.511+02:00 DEBUG 80702 --- [sapl] [           main] o.s.data.convert.CustomConversions       : Adding converter from class org.bson.Document to class org.springframework.data.mongodb.core.geo.GeoJsonLineString as reading converter
2026-04-26T11:42:43.511+02:00 DEBUG 80702 --- [sapl] [           main] o.s.data.convert.CustomConversions       : Adding converter from class org.bson.Document to class org.springframework.data.mongodb.core.geo.GeoJsonMultiLineString as reading converter
2026-04-26T11:42:43.511+02:00 DEBUG 80702 --- [sapl] [           main] o.s.data.convert.CustomConversions       : Adding converter from class org.bson.Document to class org.springframework.data.mongodb.core.geo.GeoJsonMultiPoint as reading converter
2026-04-26T11:42:43.512+02:00 DEBUG 80702 --- [sapl] [           main] o.s.data.convert.CustomConversions       : Adding converter from class org.bson.Document to class org.springframework.data.mongodb.core.geo.GeoJsonMultiPolygon as reading converter
2026-04-26T11:42:43.512+02:00 DEBUG 80702 --- [sapl] [           main] o.s.data.convert.CustomConversions       : Adding converter from class org.bson.Document to class org.springframework.data.mongodb.core.geo.GeoJsonGeometryCollection as reading converter
2026-04-26T11:42:43.512+02:00 DEBUG 80702 --- [sapl] [           main] o.s.data.convert.CustomConversions       : Adding converter from class org.bson.Document to interface org.springframework.data.mongodb.core.geo.GeoJson as reading converter
2026-04-26T11:42:43.512+02:00 DEBUG 80702 --- [sapl] [           main] o.s.data.convert.CustomConversions       : Adding converter from class java.util.Date to class java.time.LocalDateTime as reading converter
2026-04-26T11:42:43.512+02:00 DEBUG 80702 --- [sapl] [           main] o.s.data.convert.CustomConversions       : Adding converter from class java.time.LocalDateTime to class java.util.Date as writing converter
2026-04-26T11:42:43.512+02:00 DEBUG 80702 --- [sapl] [           main] o.s.data.convert.CustomConversions       : Adding converter from class java.util.Date to class java.time.LocalDate as reading converter
2026-04-26T11:42:43.512+02:00 DEBUG 80702 --- [sapl] [           main] o.s.data.convert.CustomConversions       : Adding converter from class java.time.LocalDate to class java.util.Date as writing converter
2026-04-26T11:42:43.512+02:00 DEBUG 80702 --- [sapl] [           main] o.s.data.convert.CustomConversions       : Adding converter from class java.util.Date to class java.time.LocalTime as reading converter
2026-04-26T11:42:43.512+02:00 DEBUG 80702 --- [sapl] [           main] o.s.data.convert.CustomConversions       : Adding converter from class java.time.LocalTime to class java.util.Date as writing converter
2026-04-26T11:42:43.512+02:00 DEBUG 80702 --- [sapl] [           main] o.s.data.convert.CustomConversions       : Adding converter from class java.util.Date to class java.time.Instant as reading converter
2026-04-26T11:42:43.512+02:00 DEBUG 80702 --- [sapl] [           main] o.s.data.convert.CustomConversions       : Adding converter from class java.time.Instant to class java.util.Date as writing converter
2026-04-26T11:42:43.512+02:00 DEBUG 80702 --- [sapl] [           main] o.s.data.convert.CustomConversions       : Skipping converter from class java.time.LocalDateTime to class java.time.Instant as reading converter class java.time.LocalDateTime is not a store supported simple type
2026-04-26T11:42:43.512+02:00 DEBUG 80702 --- [sapl] [           main] o.s.data.convert.CustomConversions       : Skipping converter from class java.time.Instant to class java.time.LocalDateTime as reading converter class java.time.Instant is not a store supported simple type
2026-04-26T11:42:43.512+02:00 DEBUG 80702 --- [sapl] [           main] o.s.data.convert.CustomConversions       : Adding converter from class java.time.ZoneId to class java.lang.String as writing converter
2026-04-26T11:42:43.512+02:00 DEBUG 80702 --- [sapl] [           main] o.s.data.convert.CustomConversions       : Adding converter from class java.lang.String to class java.time.ZoneId as reading converter
2026-04-26T11:42:43.512+02:00 DEBUG 80702 --- [sapl] [           main] o.s.data.convert.CustomConversions       : Adding converter from class java.time.Duration to class java.lang.String as writing converter
2026-04-26T11:42:43.512+02:00 DEBUG 80702 --- [sapl] [           main] o.s.data.convert.CustomConversions       : Adding converter from class java.lang.String to class java.time.Duration as reading converter
2026-04-26T11:42:43.512+02:00 DEBUG 80702 --- [sapl] [           main] o.s.data.convert.CustomConversions       : Adding converter from class java.time.Period to class java.lang.String as writing converter
2026-04-26T11:42:43.512+02:00 DEBUG 80702 --- [sapl] [           main] o.s.data.convert.CustomConversions       : Adding converter from class java.lang.String to class java.time.Period as reading converter
2026-04-26T11:42:43.512+02:00 DEBUG 80702 --- [sapl] [           main] o.s.data.convert.CustomConversions       : Adding converter from class java.lang.String to class java.time.LocalDate as reading converter
2026-04-26T11:42:43.512+02:00 DEBUG 80702 --- [sapl] [           main] o.s.data.convert.CustomConversions       : Adding converter from class java.lang.String to class java.time.LocalDateTime as reading converter
2026-04-26T11:42:43.512+02:00 DEBUG 80702 --- [sapl] [           main] o.s.data.convert.CustomConversions       : Adding converter from class java.lang.String to class java.time.Instant as reading converter
2026-04-26T11:42:43.541+02:00 DEBUG 80702 --- [sapl] [           main] o.s.b.f.s.DefaultListableBeanFactory     : Creating shared instance of singleton bean 'org.springframework.boot.data.mongodb.autoconfigure.MongoDatabaseFactoryDependentConfiguration'
2026-04-26T11:42:43.542+02:00 DEBUG 80702 --- [sapl] [           main] o.s.b.f.s.DefaultListableBeanFactory     : Creating shared instance of singleton bean 'mongoTemplate'
2026-04-26T11:42:43.542+02:00 DEBUG 80702 --- [sapl] [           main] o.s.b.f.s.DefaultListableBeanFactory     : Autowiring by type from bean name 'mongoTemplate' via factory method to bean named 'mongoDatabaseFactory'
2026-04-26T11:42:43.542+02:00 DEBUG 80702 --- [sapl] [           main] o.s.b.f.s.DefaultListableBeanFactory     : Autowiring by type from bean name 'mongoTemplate' via factory method to bean named 'mappingMongoConverter'
2026-04-26T11:42:43.584+02:00 DEBUG 80702 --- [sapl] [           main] o.s.b.f.s.DefaultListableBeanFactory     : Creating shared instance of singleton bean 'gridFsTemplate'
2026-04-26T11:42:43.585+02:00 DEBUG 80702 --- [sapl] [           main] o.s.b.f.s.DefaultListableBeanFactory     : Autowiring by type from bean name 'gridFsTemplate' via factory method to bean named 'spring.data.mongodb-org.springframework.boot.data.mongodb.autoconfigure.DataMongoProperties'
2026-04-26T11:42:43.585+02:00 DEBUG 80702 --- [sapl] [           main] o.s.b.f.s.DefaultListableBeanFactory     : Autowiring by type from bean name 'gridFsTemplate' via factory method to bean named 'mongoDatabaseFactory'
2026-04-26T11:42:43.585+02:00 DEBUG 80702 --- [sapl] [           main] o.s.b.f.s.DefaultListableBeanFactory     : Autowiring by type from bean name 'gridFsTemplate' via factory method to bean named 'mongoTemplate'
2026-04-26T11:42:43.590+02:00 DEBUG 80702 --- [sapl] [           main] o.s.b.f.s.DefaultListableBeanFactory     : Creating shared instance of singleton bean 'org.springframework.boot.data.mongodb.autoconfigure.DataMongoAutoConfiguration'
2026-04-26T11:42:43.590+02:00 DEBUG 80702 --- [sapl] [           main] o.s.b.f.s.DefaultListableBeanFactory     : Creating shared instance of singleton bean 'org.springframework.boot.data.mongodb.autoconfigure.DataMongoReactiveAutoConfiguration'
2026-04-26T11:42:43.590+02:00 DEBUG 80702 --- [sapl] [           main] o.s.b.f.s.DefaultListableBeanFactory     : Creating shared instance of singleton bean 'reactiveMongoDatabaseFactory'
2026-04-26T11:42:43.591+02:00 DEBUG 80702 --- [sapl] [           main] o.s.b.f.s.DefaultListableBeanFactory     : Autowiring by type from bean name 'reactiveMongoDatabaseFactory' via factory method to bean named 'spring.mongodb-org.springframework.boot.mongodb.autoconfigure.MongoProperties'
2026-04-26T11:42:43.591+02:00 DEBUG 80702 --- [sapl] [           main] o.s.b.f.s.DefaultListableBeanFactory     : Autowiring by type from bean name 'reactiveMongoDatabaseFactory' via factory method to bean named 'reactiveStreamsMongoClient'
2026-04-26T11:42:43.591+02:00 DEBUG 80702 --- [sapl] [           main] o.s.b.f.s.DefaultListableBeanFactory     : Autowiring by type from bean name 'reactiveMongoDatabaseFactory' via factory method to bean named 'mongoConnectionDetails'
2026-04-26T11:42:43.592+02:00 DEBUG 80702 --- [sapl] [           main] o.s.b.f.s.DefaultListableBeanFactory     : Creating shared instance of singleton bean 'reactiveMongoTemplate'
2026-04-26T11:42:43.592+02:00 DEBUG 80702 --- [sapl] [           main] o.s.b.f.s.DefaultListableBeanFactory     : Autowiring by type from bean name 'reactiveMongoTemplate' via factory method to bean named 'reactiveMongoDatabaseFactory'
2026-04-26T11:42:43.592+02:00 DEBUG 80702 --- [sapl] [           main] o.s.b.f.s.DefaultListableBeanFactory     : Autowiring by type from bean name 'reactiveMongoTemplate' via factory method to bean named 'mappingMongoConverter'
2026-04-26T11:42:43.614+02:00 DEBUG 80702 --- [sapl] [           main] o.s.b.f.s.DefaultListableBeanFactory     : Creating shared instance of singleton bean 'dataBufferFactory'
2026-04-26T11:42:43.616+02:00 DEBUG 80702 --- [sapl] [           main] o.s.b.f.s.DefaultListableBeanFactory     : Creating shared instance of singleton bean 'reactiveGridFsTemplate'
2026-04-26T11:42:43.616+02:00 DEBUG 80702 --- [sapl] [           main] o.s.b.f.s.DefaultListableBeanFactory     : Autowiring by type from bean name 'reactiveGridFsTemplate' via factory method to bean named 'spring.data.mongodb-org.springframework.boot.data.mongodb.autoconfigure.DataMongoProperties'
2026-04-26T11:42:43.616+02:00 DEBUG 80702 --- [sapl] [           main] o.s.b.f.s.DefaultListableBeanFactory     : Autowiring by type from bean name 'reactiveGridFsTemplate' via factory method to bean named 'reactiveMongoDatabaseFactory'
2026-04-26T11:42:43.616+02:00 DEBUG 80702 --- [sapl] [           main] o.s.b.f.s.DefaultListableBeanFactory     : Autowiring by type from bean name 'reactiveGridFsTemplate' via factory method to bean named 'mappingMongoConverter'
2026-04-26T11:42:43.616+02:00 DEBUG 80702 --- [sapl] [           main] o.s.b.f.s.DefaultListableBeanFactory     : Autowiring by type from bean name 'reactiveGridFsTemplate' via factory method to bean named 'dataBufferFactory'
2026-04-26T11:42:43.619+02:00 DEBUG 80702 --- [sapl] [           main] o.s.b.f.s.DefaultListableBeanFactory     : Creating shared instance of singleton bean 'org.springframework.boot.data.mongodb.autoconfigure.DataMongoReactiveRepositoriesAutoConfiguration'
2026-04-26T11:42:43.619+02:00 DEBUG 80702 --- [sapl] [           main] o.s.b.f.s.DefaultListableBeanFactory     : Creating shared instance of singleton bean 'data-mongo.repository-aot-processor#0'
2026-04-26T11:42:43.624+02:00 DEBUG 80702 --- [sapl] [           main] o.s.b.f.s.DefaultListableBeanFactory     : Creating shared instance of singleton bean 'org.springframework.boot.data.mongodb.autoconfigure.DataMongoRepositoriesAutoConfiguration'
2026-04-26T11:42:43.624+02:00 DEBUG 80702 --- [sapl] [           main] o.s.b.f.s.DefaultListableBeanFactory     : Creating shared instance of singleton bean 'data-mongo.repository-aot-processor#1'
2026-04-26T11:42:43.625+02:00 DEBUG 80702 --- [sapl] [           main] o.s.b.f.s.DefaultListableBeanFactory     : Creating shared instance of singleton bean 'org.springframework.boot.data.r2dbc.autoconfigure.DataR2dbcAutoConfiguration'
2026-04-26T11:42:43.625+02:00 DEBUG 80702 --- [sapl] [           main] o.s.b.f.s.DefaultListableBeanFactory     : Autowiring by type from bean name 'org.springframework.boot.data.r2dbc.autoconfigure.DataR2dbcAutoConfiguration' via constructor to bean named 'databaseClient'
2026-04-26T11:42:43.640+02:00 DEBUG 80702 --- [sapl] [           main] o.s.b.f.s.DefaultListableBeanFactory     : Creating shared instance of singleton bean 'r2dbcEntityTemplate'
2026-04-26T11:42:43.640+02:00 DEBUG 80702 --- [sapl] [           main] o.s.b.f.s.DefaultListableBeanFactory     : Creating shared instance of singleton bean 'r2dbcConverter'
2026-04-26T11:42:43.641+02:00 DEBUG 80702 --- [sapl] [           main] o.s.b.f.s.DefaultListableBeanFactory     : Creating shared instance of singleton bean 'r2dbcMappingContext'
2026-04-26T11:42:43.641+02:00 DEBUG 80702 --- [sapl] [           main] o.s.b.f.s.DefaultListableBeanFactory     : Creating shared instance of singleton bean 'r2dbcCustomConversions'
2026-04-26T11:42:43.648+02:00 DEBUG 80702 --- [sapl] [           main] o.s.data.convert.CustomConversions       : Adding converter from class io.r2dbc.postgresql.codec.Point to class org.springframework.data.geo.Point as reading converter
2026-04-26T11:42:43.648+02:00 DEBUG 80702 --- [sapl] [           main] o.s.data.convert.CustomConversions       : Adding converter from class org.springframework.data.geo.Point to class io.r2dbc.postgresql.codec.Point as writing converter
2026-04-26T11:42:43.648+02:00 DEBUG 80702 --- [sapl] [           main] o.s.data.convert.CustomConversions       : Adding converter from class io.r2dbc.postgresql.codec.Circle to class org.springframework.data.geo.Circle as reading converter
2026-04-26T11:42:43.648+02:00 DEBUG 80702 --- [sapl] [           main] o.s.data.convert.CustomConversions       : Adding converter from class org.springframework.data.geo.Circle to class io.r2dbc.postgresql.codec.Circle as writing converter
2026-04-26T11:42:43.648+02:00 DEBUG 80702 --- [sapl] [           main] o.s.data.convert.CustomConversions       : Adding converter from class io.r2dbc.postgresql.codec.Box to class org.springframework.data.geo.Box as reading converter
2026-04-26T11:42:43.648+02:00 DEBUG 80702 --- [sapl] [           main] o.s.data.convert.CustomConversions       : Adding converter from class org.springframework.data.geo.Box to class io.r2dbc.postgresql.codec.Box as writing converter
2026-04-26T11:42:43.648+02:00 DEBUG 80702 --- [sapl] [           main] o.s.data.convert.CustomConversions       : Adding converter from class io.r2dbc.postgresql.codec.Polygon to class org.springframework.data.geo.Polygon as reading converter
2026-04-26T11:42:43.648+02:00 DEBUG 80702 --- [sapl] [           main] o.s.data.convert.CustomConversions       : Adding converter from class org.springframework.data.geo.Polygon to class io.r2dbc.postgresql.codec.Polygon as writing converter
2026-04-26T11:42:43.648+02:00 DEBUG 80702 --- [sapl] [           main] o.s.data.convert.CustomConversions       : Adding converter from class io.r2dbc.postgresql.codec.Json to class [B as reading converter
2026-04-26T11:42:43.648+02:00 DEBUG 80702 --- [sapl] [           main] o.s.data.convert.CustomConversions       : Adding converter from class io.r2dbc.postgresql.codec.Json to class java.lang.String as reading converter
2026-04-26T11:42:43.648+02:00 DEBUG 80702 --- [sapl] [           main] o.s.data.convert.CustomConversions       : Adding converter from interface io.r2dbc.spi.Row to class java.lang.Boolean as reading converter
2026-04-26T11:42:43.648+02:00 DEBUG 80702 --- [sapl] [           main] o.s.data.convert.CustomConversions       : Adding converter from interface io.r2dbc.spi.Row to class java.lang.Number as reading converter
2026-04-26T11:42:43.648+02:00 DEBUG 80702 --- [sapl] [           main] o.s.data.convert.CustomConversions       : Adding converter from interface io.r2dbc.spi.Row to class java.time.LocalDate as reading converter
2026-04-26T11:42:43.648+02:00 DEBUG 80702 --- [sapl] [           main] o.s.data.convert.CustomConversions       : Adding converter from interface io.r2dbc.spi.Row to class java.time.LocalDateTime as reading converter
2026-04-26T11:42:43.649+02:00 DEBUG 80702 --- [sapl] [           main] o.s.data.convert.CustomConversions       : Adding converter from interface io.r2dbc.spi.Row to class java.time.LocalTime as reading converter
2026-04-26T11:42:43.649+02:00 DEBUG 80702 --- [sapl] [           main] o.s.data.convert.CustomConversions       : Adding converter from interface io.r2dbc.spi.Row to class java.time.OffsetDateTime as reading converter
2026-04-26T11:42:43.649+02:00 DEBUG 80702 --- [sapl] [           main] o.s.data.convert.CustomConversions       : Adding converter from interface io.r2dbc.spi.Row to class java.lang.String as reading converter
2026-04-26T11:42:43.649+02:00 DEBUG 80702 --- [sapl] [           main] o.s.data.convert.CustomConversions       : Adding converter from interface io.r2dbc.spi.Row to class java.util.UUID as reading converter
2026-04-26T11:42:43.649+02:00 DEBUG 80702 --- [sapl] [           main] o.s.data.convert.CustomConversions       : Adding converter from interface io.r2dbc.spi.Row to class java.time.ZonedDateTime as reading converter
2026-04-26T11:42:43.649+02:00 DEBUG 80702 --- [sapl] [           main] o.s.data.convert.CustomConversions       : Adding converter from class java.util.Date to class java.time.LocalDateTime as reading converter
2026-04-26T11:42:43.649+02:00 DEBUG 80702 --- [sapl] [           main] o.s.data.convert.CustomConversions       : Adding converter from class java.time.LocalDateTime to class java.util.Date as writing converter
2026-04-26T11:42:43.649+02:00 DEBUG 80702 --- [sapl] [           main] o.s.data.convert.CustomConversions       : Adding converter from class java.util.Date to class java.time.LocalDate as reading converter
2026-04-26T11:42:43.649+02:00 DEBUG 80702 --- [sapl] [           main] o.s.data.convert.CustomConversions       : Adding converter from class java.time.LocalDate to class java.util.Date as writing converter
2026-04-26T11:42:43.649+02:00 DEBUG 80702 --- [sapl] [           main] o.s.data.convert.CustomConversions       : Adding converter from class java.util.Date to class java.time.LocalTime as reading converter
2026-04-26T11:42:43.649+02:00 DEBUG 80702 --- [sapl] [           main] o.s.data.convert.CustomConversions       : Adding converter from class java.time.LocalTime to class java.util.Date as writing converter
2026-04-26T11:42:43.649+02:00 DEBUG 80702 --- [sapl] [           main] o.s.data.convert.CustomConversions       : Adding converter from class java.util.Date to class java.time.Instant as reading converter
2026-04-26T11:42:43.649+02:00 DEBUG 80702 --- [sapl] [           main] o.s.data.convert.CustomConversions       : Adding converter from class java.time.Instant to class java.util.Date as writing converter
2026-04-26T11:42:43.649+02:00 DEBUG 80702 --- [sapl] [           main] o.s.data.convert.CustomConversions       : Adding converter from class java.time.LocalDateTime to class java.time.Instant as reading converter
2026-04-26T11:42:43.649+02:00 DEBUG 80702 --- [sapl] [           main] o.s.data.convert.CustomConversions       : Adding converter from class java.time.Instant to class java.time.LocalDateTime as reading converter
2026-04-26T11:42:43.649+02:00 DEBUG 80702 --- [sapl] [           main] o.s.data.convert.CustomConversions       : Adding converter from class java.time.ZoneId to class java.lang.String as writing converter
2026-04-26T11:42:43.649+02:00 DEBUG 80702 --- [sapl] [           main] o.s.data.convert.CustomConversions       : Adding converter from class java.lang.String to class java.time.ZoneId as reading converter
2026-04-26T11:42:43.649+02:00 DEBUG 80702 --- [sapl] [           main] o.s.data.convert.CustomConversions       : Adding converter from class java.time.Duration to class java.lang.String as writing converter
2026-04-26T11:42:43.649+02:00 DEBUG 80702 --- [sapl] [           main] o.s.data.convert.CustomConversions       : Adding converter from class java.lang.String to class java.time.Duration as reading converter
2026-04-26T11:42:43.649+02:00 DEBUG 80702 --- [sapl] [           main] o.s.data.convert.CustomConversions       : Adding converter from class java.time.Period to class java.lang.String as writing converter
2026-04-26T11:42:43.649+02:00 DEBUG 80702 --- [sapl] [           main] o.s.data.convert.CustomConversions       : Adding converter from class java.lang.String to class java.time.Period as reading converter
2026-04-26T11:42:43.649+02:00 DEBUG 80702 --- [sapl] [           main] o.s.data.convert.CustomConversions       : Adding converter from class java.lang.String to class java.time.LocalDate as reading converter
2026-04-26T11:42:43.649+02:00 DEBUG 80702 --- [sapl] [           main] o.s.data.convert.CustomConversions       : Adding converter from class java.lang.String to class java.time.LocalDateTime as reading converter
2026-04-26T11:42:43.649+02:00 DEBUG 80702 --- [sapl] [           main] o.s.data.convert.CustomConversions       : Adding converter from class java.lang.String to class java.time.Instant as reading converter
2026-04-26T11:42:43.650+02:00 DEBUG 80702 --- [sapl] [           main] o.s.b.f.s.DefaultListableBeanFactory     : Creating shared instance of singleton bean 'r2dbcManagedTypes'
2026-04-26T11:42:43.650+02:00 DEBUG 80702 --- [sapl] [           main] o.s.b.f.s.DefaultListableBeanFactory     : Autowiring by type from bean name 'r2dbcManagedTypes' via factory method to bean named 'org.springframework.boot.web.server.reactive.context.AnnotationConfigReactiveWebServerApplicationContext@7cedfa63'
2026-04-26T11:42:43.653+02:00 DEBUG 80702 --- [sapl] [           main] o.s.b.f.s.DefaultListableBeanFactory     : Autowiring by type from bean name 'r2dbcMappingContext' via factory method to bean named 'r2dbcCustomConversions'
2026-04-26T11:42:43.653+02:00 DEBUG 80702 --- [sapl] [           main] o.s.b.f.s.DefaultListableBeanFactory     : Autowiring by type from bean name 'r2dbcMappingContext' via factory method to bean named 'r2dbcManagedTypes'
2026-04-26T11:42:43.661+02:00 DEBUG 80702 --- [sapl] [           main] o.s.b.f.s.DefaultListableBeanFactory     : Autowiring by type from bean name 'r2dbcConverter' via factory method to bean named 'r2dbcMappingContext'
2026-04-26T11:42:43.661+02:00 DEBUG 80702 --- [sapl] [           main] o.s.b.f.s.DefaultListableBeanFactory     : Autowiring by type from bean name 'r2dbcConverter' via factory method to bean named 'r2dbcCustomConversions'
2026-04-26T11:42:43.668+02:00 DEBUG 80702 --- [sapl] [           main] o.s.b.f.s.DefaultListableBeanFactory     : Autowiring by type from bean name 'r2dbcEntityTemplate' via factory method to bean named 'r2dbcConverter'
2026-04-26T11:42:43.687+02:00 DEBUG 80702 --- [sapl] [           main] o.s.b.f.s.DefaultListableBeanFactory     : Creating shared instance of singleton bean 'org.springframework.boot.data.r2dbc.autoconfigure.DataR2dbcRepositoriesAutoConfiguration'
2026-04-26T11:42:43.687+02:00 DEBUG 80702 --- [sapl] [           main] o.s.b.f.s.DefaultListableBeanFactory     : Creating shared instance of singleton bean 'data-r2dbc.repository-aot-processor#0'
2026-04-26T11:42:43.688+02:00 DEBUG 80702 --- [sapl] [           main] o.s.b.f.s.DefaultListableBeanFactory     : Creating shared instance of singleton bean 'healthEndpointGroupMembershipValidator'
2026-04-26T11:42:43.688+02:00 DEBUG 80702 --- [sapl] [           main] o.s.b.f.s.DefaultListableBeanFactory     : Autowiring by type from bean name 'healthEndpointGroupMembershipValidator' via factory method to bean named 'management.endpoint.health-org.springframework.boot.health.autoconfigure.actuate.endpoint.HealthEndpointProperties'
2026-04-26T11:42:43.688+02:00 DEBUG 80702 --- [sapl] [           main] o.s.b.f.s.DefaultListableBeanFactory     : Autowiring by type from bean name 'healthEndpointGroupMembershipValidator' via factory method to bean named 'healthContributorRegistry'
2026-04-26T11:42:43.689+02:00 DEBUG 80702 --- [sapl] [           main] o.s.b.f.s.DefaultListableBeanFactory     : Creating shared instance of singleton bean 'org.springframework.boot.health.autoconfigure.actuate.endpoint.HealthEndpointAutoConfiguration'
2026-04-26T11:42:43.690+02:00 DEBUG 80702 --- [sapl] [           main] o.s.b.f.s.DefaultListableBeanFactory     : Creating shared instance of singleton bean 'org.springframework.boot.micrometer.metrics.autoconfigure.jvm.JvmMetricsAutoConfiguration'
2026-04-26T11:42:43.690+02:00 DEBUG 80702 --- [sapl] [           main] o.s.b.f.s.DefaultListableBeanFactory     : Creating shared instance of singleton bean 'jvmGcMetrics'
2026-04-26T11:42:43.692+02:00 DEBUG 80702 --- [sapl] [           main] o.s.b.f.s.DefaultListableBeanFactory     : Creating shared instance of singleton bean 'jvmHeapPressureMetrics'
2026-04-26T11:42:43.695+02:00 DEBUG 80702 --- [sapl] [           main] o.s.b.f.s.DefaultListableBeanFactory     : Creating shared instance of singleton bean 'jvmMemoryMetrics'
2026-04-26T11:42:43.697+02:00 DEBUG 80702 --- [sapl] [           main] o.s.b.f.s.DefaultListableBeanFactory     : Creating shared instance of singleton bean 'jvmThreadMetrics'
2026-04-26T11:42:43.698+02:00 DEBUG 80702 --- [sapl] [           main] o.s.b.f.s.DefaultListableBeanFactory     : Creating shared instance of singleton bean 'classLoaderMetrics'
2026-04-26T11:42:43.699+02:00 DEBUG 80702 --- [sapl] [           main] o.s.b.f.s.DefaultListableBeanFactory     : Creating shared instance of singleton bean 'jvmInfoMetrics'
2026-04-26T11:42:43.699+02:00 DEBUG 80702 --- [sapl] [           main] o.s.b.f.s.DefaultListableBeanFactory     : Creating shared instance of singleton bean 'jvmCompilationMetrics'
2026-04-26T11:42:43.700+02:00 DEBUG 80702 --- [sapl] [           main] o.s.b.f.s.DefaultListableBeanFactory     : Creating shared instance of singleton bean 'org.springframework.boot.micrometer.metrics.autoconfigure.logging.logback.LogbackMetricsAutoConfiguration'
2026-04-26T11:42:43.700+02:00 DEBUG 80702 --- [sapl] [           main] o.s.b.f.s.DefaultListableBeanFactory     : Creating shared instance of singleton bean 'logbackMetrics'
2026-04-26T11:42:43.701+02:00 DEBUG 80702 --- [sapl] [           main] o.s.b.f.s.DefaultListableBeanFactory     : Creating shared instance of singleton bean 'org.springframework.boot.micrometer.metrics.autoconfigure.ssl.SslMetricsAutoConfiguration'
2026-04-26T11:42:43.701+02:00 DEBUG 80702 --- [sapl] [           main] o.s.b.f.s.DefaultListableBeanFactory     : Creating shared instance of singleton bean 'sslMeterBinder'
2026-04-26T11:42:43.701+02:00 DEBUG 80702 --- [sapl] [           main] o.s.b.f.s.DefaultListableBeanFactory     : Autowiring by type from bean name 'sslMeterBinder' via factory method to bean named 'sslBundleRegistry'
2026-04-26T11:42:43.703+02:00 DEBUG 80702 --- [sapl] [           main] o.s.b.f.s.DefaultListableBeanFactory     : Creating shared instance of singleton bean 'org.springframework.boot.micrometer.metrics.autoconfigure.startup.StartupTimeMetricsListenerAutoConfiguration'
2026-04-26T11:42:43.703+02:00 DEBUG 80702 --- [sapl] [           main] o.s.b.f.s.DefaultListableBeanFactory     : Creating shared instance of singleton bean 'startupTimeMetrics'
2026-04-26T11:42:43.703+02:00 DEBUG 80702 --- [sapl] [           main] o.s.b.f.s.DefaultListableBeanFactory     : Autowiring by type from bean name 'startupTimeMetrics' via factory method to bean named 'prometheusMeterRegistry'
2026-04-26T11:42:43.704+02:00 DEBUG 80702 --- [sapl] [           main] o.s.b.f.s.DefaultListableBeanFactory     : Creating shared instance of singleton bean 'org.springframework.boot.micrometer.metrics.autoconfigure.system.SystemMetricsAutoConfiguration'
2026-04-26T11:42:43.704+02:00 DEBUG 80702 --- [sapl] [           main] o.s.b.f.s.DefaultListableBeanFactory     : Creating shared instance of singleton bean 'uptimeMetrics'
2026-04-26T11:42:43.705+02:00 DEBUG 80702 --- [sapl] [           main] o.s.b.f.s.DefaultListableBeanFactory     : Creating shared instance of singleton bean 'processorMetrics'
2026-04-26T11:42:43.706+02:00 DEBUG 80702 --- [sapl] [           main] o.s.b.f.s.DefaultListableBeanFactory     : Creating shared instance of singleton bean 'fileDescriptorMetrics'
2026-04-26T11:42:43.707+02:00 DEBUG 80702 --- [sapl] [           main] o.s.b.f.s.DefaultListableBeanFactory     : Creating shared instance of singleton bean 'diskSpaceMetrics'
2026-04-26T11:42:43.707+02:00 DEBUG 80702 --- [sapl] [           main] o.s.b.f.s.DefaultListableBeanFactory     : Autowiring by type from bean name 'diskSpaceMetrics' via factory method to bean named 'management.metrics-org.springframework.boot.micrometer.metrics.autoconfigure.MetricsProperties'
2026-04-26T11:42:43.707+02:00 DEBUG 80702 --- [sapl] [           main] o.s.b.f.s.DefaultListableBeanFactory     : Creating shared instance of singleton bean 'org.springframework.boot.micrometer.metrics.autoconfigure.task.TaskExecutorMetricsAutoConfiguration'
2026-04-26T11:42:43.711+02:00 DEBUG 80702 --- [sapl] [           main] o.s.b.f.s.DefaultListableBeanFactory     : Creating shared instance of singleton bean 'eagerTaskExecutorMetrics'
2026-04-26T11:42:43.711+02:00 DEBUG 80702 --- [sapl] [           main] o.s.b.f.s.DefaultListableBeanFactory     : Creating shared instance of singleton bean 'spelValueExpressionResolver'
2026-04-26T11:42:43.712+02:00 DEBUG 80702 --- [sapl] [           main] o.s.b.f.s.DefaultListableBeanFactory     : Creating shared instance of singleton bean 'org.springframework.boot.micrometer.observation.autoconfigure.ScheduledTasksObservationAutoConfiguration'
2026-04-26T11:42:43.712+02:00 DEBUG 80702 --- [sapl] [           main] o.s.b.f.s.DefaultListableBeanFactory     : Creating shared instance of singleton bean 'observabilitySchedulingConfigurer'
2026-04-26T11:42:43.712+02:00 DEBUG 80702 --- [sapl] [           main] o.s.b.f.s.DefaultListableBeanFactory     : Autowiring by type from bean name 'observabilitySchedulingConfigurer' via factory method to bean named 'observationRegistry'
2026-04-26T11:42:43.713+02:00 DEBUG 80702 --- [sapl] [           main] o.s.b.f.s.DefaultListableBeanFactory     : Creating shared instance of singleton bean 'org.springframework.boot.mongodb.autoconfigure.health.MongoHealthContributorAutoConfiguration'
2026-04-26T11:42:43.714+02:00 DEBUG 80702 --- [sapl] [           main] o.s.b.f.s.DefaultListableBeanFactory     : Creating shared instance of singleton bean 'org.springframework.boot.netty.autoconfigure.NettyAutoConfiguration'
2026-04-26T11:42:43.714+02:00 DEBUG 80702 --- [sapl] [           main] o.s.b.f.s.DefaultListableBeanFactory     : Creating shared instance of singleton bean 'spring.netty-org.springframework.boot.netty.autoconfigure.NettyProperties'
2026-04-26T11:42:43.715+02:00 DEBUG 80702 --- [sapl] [           main] o.s.b.f.s.DefaultListableBeanFactory     : Autowiring by type from bean name 'org.springframework.boot.netty.autoconfigure.NettyAutoConfiguration' via constructor to bean named 'spring.netty-org.springframework.boot.netty.autoconfigure.NettyProperties'
2026-04-26T11:42:43.715+02:00 DEBUG 80702 --- [sapl] [           main] o.s.b.f.s.DefaultListableBeanFactory     : Creating shared instance of singleton bean 'nettyAutoConfigurationLazyInitializationExcludeFilter'
2026-04-26T11:42:43.715+02:00 DEBUG 80702 --- [sapl] [           main] o.s.b.f.s.DefaultListableBeanFactory     : Creating shared instance of singleton bean 'org.springframework.boot.r2dbc.autoconfigure.R2dbcInitializationAutoConfiguration'
2026-04-26T11:42:43.715+02:00 DEBUG 80702 --- [sapl] [           main] o.s.b.f.s.DefaultListableBeanFactory     : Creating shared instance of singleton bean 'r2dbcScriptDatabaseInitializer'
2026-04-26T11:42:43.716+02:00 DEBUG 80702 --- [sapl] [           main] o.s.b.f.s.DefaultListableBeanFactory     : Creating shared instance of singleton bean 'spring.sql.init-org.springframework.boot.sql.autoconfigure.init.SqlInitializationProperties'
2026-04-26T11:42:43.717+02:00 DEBUG 80702 --- [sapl] [           main] o.s.b.f.s.DefaultListableBeanFactory     : Autowiring by type from bean name 'r2dbcScriptDatabaseInitializer' via factory method to bean named 'connectionFactory'
2026-04-26T11:42:43.717+02:00 DEBUG 80702 --- [sapl] [           main] o.s.b.f.s.DefaultListableBeanFactory     : Autowiring by type from bean name 'r2dbcScriptDatabaseInitializer' via factory method to bean named 'spring.sql.init-org.springframework.boot.sql.autoconfigure.init.SqlInitializationProperties'
2026-04-26T11:42:43.720+02:00 DEBUG 80702 --- [sapl] [           main] o.s.b.f.s.DefaultListableBeanFactory     : Creating shared instance of singleton bean 'org.springframework.boot.r2dbc.autoconfigure.metrics.ConnectionPoolMetricsAutoConfiguration'
2026-04-26T11:42:43.721+02:00 DEBUG 80702 --- [sapl] [           main] o.s.b.f.s.DefaultListableBeanFactory     : Creating shared instance of singleton bean 'org.springframework.boot.reactor.autoconfigure.ReactorAutoConfiguration'
2026-04-26T11:42:43.721+02:00 DEBUG 80702 --- [sapl] [           main] o.s.b.f.s.DefaultListableBeanFactory     : Creating shared instance of singleton bean 'spring.reactor-org.springframework.boot.reactor.autoconfigure.ReactorProperties'
2026-04-26T11:42:43.721+02:00 DEBUG 80702 --- [sapl] [           main] o.s.b.f.s.DefaultListableBeanFactory     : Autowiring by type from bean name 'org.springframework.boot.reactor.autoconfigure.ReactorAutoConfiguration' via constructor to bean named 'spring.reactor-org.springframework.boot.reactor.autoconfigure.ReactorProperties'
2026-04-26T11:42:43.722+02:00 DEBUG 80702 --- [sapl] [           main] o.s.b.f.s.DefaultListableBeanFactory     : Creating shared instance of singleton bean 'reactorAutoConfigurationLazyInitializationExcludeFilter'
2026-04-26T11:42:43.722+02:00 DEBUG 80702 --- [sapl] [           main] o.s.b.f.s.DefaultListableBeanFactory     : Creating shared instance of singleton bean 'org.springframework.boot.rsocket.autoconfigure.RSocketStrategiesAutoConfiguration$JacksonStrategyConfiguration$JacksonJsonStrategyConfiguration'
2026-04-26T11:42:43.722+02:00 DEBUG 80702 --- [sapl] [           main] o.s.b.f.s.DefaultListableBeanFactory     : Creating shared instance of singleton bean 'jacksonJsonRSocketStrategyCustomizer'
2026-04-26T11:42:43.722+02:00 DEBUG 80702 --- [sapl] [           main] o.s.b.f.s.DefaultListableBeanFactory     : Autowiring by type from bean name 'jacksonJsonRSocketStrategyCustomizer' via factory method to bean named 'jacksonJsonMapper'
2026-04-26T11:42:43.722+02:00 DEBUG 80702 --- [sapl] [           main] o.s.b.f.s.DefaultListableBeanFactory     : Creating shared instance of singleton bean 'org.springframework.boot.rsocket.autoconfigure.RSocketStrategiesAutoConfiguration$JacksonStrategyConfiguration$JacksonCborStrategyConfiguration'
2026-04-26T11:42:43.722+02:00 DEBUG 80702 --- [sapl] [           main] o.s.b.f.s.DefaultListableBeanFactory     : Creating shared instance of singleton bean 'jacksonCborRSocketStrategyCustomizer'
2026-04-26T11:42:43.723+02:00 DEBUG 80702 --- [sapl] [           main] o.s.b.f.s.DefaultListableBeanFactory     : Autowiring by type from bean name 'jacksonCborRSocketStrategyCustomizer' via factory method to bean named 'cborMapper'
2026-04-26T11:42:43.723+02:00 DEBUG 80702 --- [sapl] [           main] o.s.b.f.s.DefaultListableBeanFactory     : Creating shared instance of singleton bean 'org.springframework.boot.rsocket.autoconfigure.RSocketStrategiesAutoConfiguration$JacksonStrategyConfiguration'
2026-04-26T11:42:43.723+02:00 DEBUG 80702 --- [sapl] [           main] o.s.b.f.s.DefaultListableBeanFactory     : Creating shared instance of singleton bean 'org.springframework.boot.rsocket.autoconfigure.RSocketStrategiesAutoConfiguration'
2026-04-26T11:42:43.723+02:00 DEBUG 80702 --- [sapl] [           main] o.s.b.f.s.DefaultListableBeanFactory     : Creating shared instance of singleton bean 'rSocketStrategies'
2026-04-26T11:42:43.735+02:00 DEBUG 80702 --- [sapl] [           main] o.s.b.f.s.DefaultListableBeanFactory     : Creating shared instance of singleton bean 'org.springframework.boot.rsocket.autoconfigure.RSocketMessagingAutoConfiguration$MessagingAdviceConfiguration'
2026-04-26T11:42:43.735+02:00 DEBUG 80702 --- [sapl] [           main] o.s.b.f.s.DefaultListableBeanFactory     : Creating shared instance of singleton bean 'messagingAdviceRSocketMessageHandlerCustomizer'
2026-04-26T11:42:43.735+02:00 DEBUG 80702 --- [sapl] [           main] o.s.b.f.s.DefaultListableBeanFactory     : Autowiring by type from bean name 'messagingAdviceRSocketMessageHandlerCustomizer' via factory method to bean named 'org.springframework.boot.web.server.reactive.context.AnnotationConfigReactiveWebServerApplicationContext@7cedfa63'
2026-04-26T11:42:43.736+02:00 DEBUG 80702 --- [sapl] [           main] o.s.b.f.s.DefaultListableBeanFactory     : Creating shared instance of singleton bean 'org.springframework.boot.rsocket.autoconfigure.RSocketMessagingAutoConfiguration'
2026-04-26T11:42:43.736+02:00 DEBUG 80702 --- [sapl] [           main] o.s.b.f.s.DefaultListableBeanFactory     : Creating shared instance of singleton bean 'messageHandler'
2026-04-26T11:42:43.736+02:00 DEBUG 80702 --- [sapl] [           main] o.s.b.f.s.DefaultListableBeanFactory     : Autowiring by type from bean name 'messageHandler' via factory method to bean named 'rSocketStrategies'
2026-04-26T11:42:43.736+02:00 DEBUG 80702 --- [sapl] [           main] o.s.b.f.s.DefaultListableBeanFactory     : Autowiring by type from bean name 'messageHandler' via factory method to bean named 'org.springframework.boot.web.server.reactive.context.AnnotationConfigReactiveWebServerApplicationContext@7cedfa63'
2026-04-26T11:42:43.752+02:00 DEBUG 80702 --- [sapl] [           main] o.s.m.r.a.support.RSocketMessageHandler  : 
	i.s.s.p.PDPController:
	
2026-04-26T11:42:43.755+02:00 DEBUG 80702 --- [sapl] [           main] o.s.m.r.a.support.RSocketMessageHandler  : 
	i.s.s.p.RSocketPDPController:
	{[],[decide]}: decide(AuthorizationSubscription)
	{[],[multi-decide]}: decide(MultiAuthorizationSubscription)
	{[],[decide-once]}: decideOnce(AuthorizationSubscription)
	{[],[multi-decide-all]}: decideAll(MultiAuthorizationSubscription)
	{[],[multi-decide-all-once]}: decideAllOnce(MultiAuthorizationSubscription)
2026-04-26T11:42:43.757+02:00 DEBUG 80702 --- [sapl] [           main] o.s.m.r.a.support.RSocketMessageHandler  : 
	i.s.a.p.AttributePushController:
	
2026-04-26T11:42:43.760+02:00 DEBUG 80702 --- [sapl] [           main] o.s.b.f.s.DefaultListableBeanFactory     : Creating shared instance of singleton bean 'org.springframework.boot.rsocket.autoconfigure.RSocketRequesterAutoConfiguration'
2026-04-26T11:42:43.760+02:00 DEBUG 80702 --- [sapl] [           main] o.s.b.f.s.DefaultListableBeanFactory     : Creating shared instance of singleton bean 'org.springframework.boot.rsocket.autoconfigure.RSocketServerAutoConfiguration'
2026-04-26T11:42:43.760+02:00 DEBUG 80702 --- [sapl] [           main] o.s.b.f.s.DefaultListableBeanFactory     : Creating shared instance of singleton bean 'spring.rsocket-org.springframework.boot.rsocket.autoconfigure.RSocketProperties'
2026-04-26T11:42:43.761+02:00 DEBUG 80702 --- [sapl] [           main] o.s.b.f.s.DefaultListableBeanFactory     : Creating shared instance of singleton bean 'org.springframework.boot.security.autoconfigure.SecurityAutoConfiguration'
2026-04-26T11:42:43.761+02:00 DEBUG 80702 --- [sapl] [           main] o.s.b.f.s.DefaultListableBeanFactory     : Creating shared instance of singleton bean 'authenticationEventPublisher'
2026-04-26T11:42:43.762+02:00 DEBUG 80702 --- [sapl] [           main] o.s.b.f.s.DefaultListableBeanFactory     : Autowiring by type from bean name 'authenticationEventPublisher' via factory method to bean named 'org.springframework.boot.web.server.reactive.context.AnnotationConfigReactiveWebServerApplicationContext@7cedfa63'
2026-04-26T11:42:43.766+02:00 DEBUG 80702 --- [sapl] [           main] o.s.b.f.s.DefaultListableBeanFactory     : Creating shared instance of singleton bean 'spring.security-org.springframework.boot.security.autoconfigure.SecurityProperties'
2026-04-26T11:42:43.766+02:00 DEBUG 80702 --- [sapl] [           main] o.s.b.f.s.DefaultListableBeanFactory     : Creating shared instance of singleton bean 'org.springframework.boot.security.autoconfigure.web.reactive.ReactiveWebSecurityAutoConfiguration$SpringBootWebFluxSecurityConfiguration'
2026-04-26T11:42:43.767+02:00 DEBUG 80702 --- [sapl] [           main] o.s.b.f.s.DefaultListableBeanFactory     : Creating shared instance of singleton bean 'org.springframework.boot.security.autoconfigure.web.reactive.ReactiveWebSecurityAutoConfiguration'
2026-04-26T11:42:43.767+02:00 DEBUG 80702 --- [sapl] [           main] o.s.b.f.s.DefaultListableBeanFactory     : Creating shared instance of singleton bean 'org.springframework.boot.webflux.autoconfigure.actuate.web.WebFluxEndpointManagementContextConfiguration$HealthConfiguration'
2026-04-26T11:42:43.767+02:00 DEBUG 80702 --- [sapl] [           main] o.s.b.f.s.DefaultListableBeanFactory     : Creating shared instance of singleton bean 'org.springframework.boot.actuate.autoconfigure.web.server.ManagementContextAutoConfiguration$SameManagementContextConfiguration$EnableSameManagementContextConfiguration'
2026-04-26T11:42:43.767+02:00 DEBUG 80702 --- [sapl] [           main] o.s.b.f.s.DefaultListableBeanFactory     : Creating shared instance of singleton bean 'org.springframework.boot.actuate.autoconfigure.web.server.ManagementContextAutoConfiguration$SameManagementContextConfiguration'
2026-04-26T11:42:43.768+02:00 DEBUG 80702 --- [sapl] [           main] o.s.b.f.s.DefaultListableBeanFactory     : Autowiring by type from bean name 'org.springframework.boot.actuate.autoconfigure.web.server.ManagementContextAutoConfiguration$SameManagementContextConfiguration' via constructor to bean named 'environment'
2026-04-26T11:42:43.768+02:00 DEBUG 80702 --- [sapl] [           main] o.s.b.f.s.DefaultListableBeanFactory     : Creating shared instance of singleton bean 'org.springframework.boot.actuate.autoconfigure.web.server.ManagementContextAutoConfiguration'
2026-04-26T11:42:43.768+02:00 DEBUG 80702 --- [sapl] [           main] o.s.b.f.s.DefaultListableBeanFactory     : Creating shared instance of singleton bean 'org.springframework.boot.r2dbc.autoconfigure.R2dbcTransactionManagerAutoConfiguration'
2026-04-26T11:42:43.768+02:00 DEBUG 80702 --- [sapl] [           main] o.s.b.f.s.DefaultListableBeanFactory     : Creating shared instance of singleton bean 'connectionFactoryTransactionManager'
2026-04-26T11:42:43.768+02:00 DEBUG 80702 --- [sapl] [           main] o.s.b.f.s.DefaultListableBeanFactory     : Autowiring by type from bean name 'connectionFactoryTransactionManager' via factory method to bean named 'connectionFactory'
2026-04-26T11:42:43.794+02:00 DEBUG 80702 --- [sapl] [           main] o.s.c.support.DefaultLifecycleProcessor  : Starting beans in phase -2147483647
2026-04-26T11:42:43.794+02:00 DEBUG 80702 --- [sapl] [           main] o.s.c.support.DefaultLifecycleProcessor  : Successfully started bean 'springBootLoggingLifecycle'
2026-04-26T11:42:43.794+02:00 DEBUG 80702 --- [sapl] [           main] o.s.c.support.DefaultLifecycleProcessor  : Starting beans in phase 0
2026-04-26T11:42:43.795+02:00 DEBUG 80702 --- [sapl] [           main] o.s.c.support.DefaultLifecycleProcessor  : Successfully started bean 'reactorResourceFactory'
2026-04-26T11:42:43.795+02:00 DEBUG 80702 --- [sapl] [           main] o.s.c.support.DefaultLifecycleProcessor  : Starting beans in phase 1073741823
2026-04-26T11:42:43.795+02:00 DEBUG 80702 --- [sapl] [           main] o.s.c.support.DefaultLifecycleProcessor  : Starting beans in phase 2147481599
2026-04-26T11:42:43.803+02:00  INFO 80702 --- [sapl] [           main] o.s.boot.reactor.netty.NettyWebServer    : Netty started on port 8444 (http)
2026-04-26T11:42:43.804+02:00 DEBUG 80702 --- [sapl] [           main] o.s.c.support.DefaultLifecycleProcessor  : Successfully started bean 'webServerStartStop'
2026-04-26T11:42:43.804+02:00 DEBUG 80702 --- [sapl] [           main] o.s.c.support.DefaultLifecycleProcessor  : Starting beans in phase 2147482623
2026-04-26T11:42:43.804+02:00 DEBUG 80702 --- [sapl] [           main] o.s.c.support.DefaultLifecycleProcessor  : Successfully started bean 'webServerGracefulShutdown'
2026-04-26T11:42:43.812+02:00 DEBUG 80702 --- [sapl] [           main] .s.b.a.l.ConditionEvaluationReportLogger : 


============================
CONDITIONS EVALUATION REPORT
============================


Positive matches:
-----------------

   AopAutoConfiguration matched:
      - @ConditionalOnBooleanProperty (spring.aop.auto=true) matched (OnPropertyCondition)

   AopAutoConfiguration.ClassProxyingConfiguration matched:
      - @ConditionalOnMissingClass did not find unwanted class 'org.aspectj.weaver.Advice' (OnClassCondition)
      - @ConditionalOnBooleanProperty (spring.aop.proxy-target-class=true) matched (OnPropertyCondition)

   ApplicationAvailabilityAutoConfiguration#applicationAvailability matched:
      - @ConditionalOnMissingBean (types: org.springframework.boot.availability.ApplicationAvailability; SearchStrategy: all) did not find any beans (OnBeanCondition)

   AttributeConfiguration#postgresStorage matched:
      - @ConditionalOnProperty (io.sapl.attributes.storage=postgres) matched (OnPropertyCondition)

   AvailabilityHealthContributorAutoConfiguration matched:
      - @ConditionalOnClass found required class 'org.springframework.boot.health.contributor.Health' (OnClassCondition)

   AvailabilityHealthContributorAutoConfiguration#livenessStateHealthIndicator matched:
      - @ConditionalOnBooleanProperty (management.health.livenessstate.enabled=true) matched (OnPropertyCondition)
      - @ConditionalOnMissingBean (names: livenessStateHealthIndicator; SearchStrategy: all) did not find any beans (OnBeanCondition)

   AvailabilityHealthContributorAutoConfiguration#readinessStateHealthIndicator matched:
      - @ConditionalOnBooleanProperty (management.health.readinessstate.enabled=true) matched (OnPropertyCondition)
      - @ConditionalOnMissingBean (names: readinessStateHealthIndicator; SearchStrategy: all) did not find any beans (OnBeanCondition)

   AvailabilityProbesAutoConfiguration matched:
      - @ConditionalOnClass found required class 'org.springframework.boot.actuate.endpoint.annotation.Endpoint' (OnClassCondition)
      - @ConditionalOnBooleanProperty (management.endpoint.health.probes.enabled=true) matched (OnPropertyCondition)

   CacheAutoConfiguration matched:
      - @ConditionalOnClass found required class 'org.springframework.cache.CacheManager' (OnClassCondition)
      - @ConditionalOnBean (types: org.springframework.cache.interceptor.CacheAspectSupport; SearchStrategy: all) found bean 'cacheInterceptor'; @ConditionalOnMissingBean (names: cacheResolver types: org.springframework.cache.CacheManager; SearchStrategy: all) did not find any beans (OnBeanCondition)

   CacheAutoConfiguration#cacheManagerCustomizers matched:
      - @ConditionalOnMissingBean (types: org.springframework.boot.cache.autoconfigure.CacheManagerCustomizers; SearchStrategy: all) did not find any beans (OnBeanCondition)

   CacheMeterBinderProvidersConfiguration matched:
      - @ConditionalOnClass found required classes 'io.micrometer.core.instrument.binder.MeterBinder', 'org.springframework.boot.cache.metrics.CacheMeterBinderProvider' (OnClassCondition)

   CacheMeterBinderProvidersConfiguration.CaffeineCacheMeterBinderProviderConfiguration matched:
      - @ConditionalOnClass found required classes 'org.springframework.cache.caffeine.CaffeineCache', 'com.github.benmanes.caffeine.cache.Cache' (OnClassCondition)

   CacheMetricsAutoConfiguration matched:
      - @ConditionalOnClass found required class 'io.micrometer.core.instrument.MeterRegistry' (OnClassCondition)
      - @ConditionalOnBean (types: org.springframework.cache.CacheManager; SearchStrategy: all) found bean 'cacheManager' (OnBeanCondition)

   CacheMetricsRegistrarConfiguration matched:
      - @ConditionalOnBean (types: org.springframework.boot.cache.metrics.CacheMeterBinderProvider,io.micrometer.core.instrument.MeterRegistry; SearchStrategy: all) found beans 'prometheusMeterRegistry', 'caffeineCacheMeterBinderProvider' (OnBeanCondition)

   CaffeineCacheConfiguration matched:
      - @ConditionalOnClass found required classes 'com.github.benmanes.caffeine.cache.Caffeine', 'org.springframework.cache.caffeine.CaffeineCacheManager' (OnClassCondition)
      - Cache org.springframework.boot.cache.autoconfigure.CaffeineCacheConfiguration CAFFEINE cache type (CacheCondition)
      - @ConditionalOnMissingBean (types: org.springframework.cache.CacheManager; SearchStrategy: all) did not find any beans (OnBeanCondition)

   CodecsAutoConfiguration matched:
      - @ConditionalOnClass found required classes 'org.springframework.http.codec.CodecConfigurer', 'org.springframework.web.reactive.function.client.WebClient' (OnClassCondition)

   CodecsAutoConfiguration.JacksonJsonCodecConfiguration matched:
      - @ConditionalOnClass found required class 'tools.jackson.databind.json.JsonMapper' (OnClassCondition)
      - @ConditionalOnProperty (spring.http.codecs.preferred-json-mapper=jackson) matched (OnPropertyCondition)

   CodecsAutoConfiguration.JacksonJsonCodecConfiguration#jacksonCodecCustomizer matched:
      - @ConditionalOnBean (types: tools.jackson.databind.json.JsonMapper; SearchStrategy: all) found bean 'jacksonJsonMapper' (OnBeanCondition)

   CompositeMeterRegistryAutoConfiguration matched:
      - @ConditionalOnClass found required class 'io.micrometer.core.instrument.composite.CompositeMeterRegistry' (OnClassCondition)

   ConnectionFactoryHealthContributorAutoConfiguration matched:
      - @ConditionalOnClass found required classes 'io.r2dbc.spi.ConnectionFactory', 'org.springframework.boot.health.autoconfigure.contributor.ConditionalOnEnabledHealthIndicator' (OnClassCondition)
      - @ConditionalOnEnabledHealthIndicator management.health.defaults.enabled is considered true (OnEnabledHealthIndicatorCondition)
      - @ConditionalOnBean (types: io.r2dbc.spi.ConnectionFactory; SearchStrategy: all) found bean 'connectionFactory' (OnBeanCondition)

   ConnectionFactoryHealthContributorAutoConfiguration#r2dbcHealthContributor matched:
      - @ConditionalOnMissingBean (names: r2dbcHealthIndicator,r2dbcHealthContributor; SearchStrategy: all) did not find any beans (OnBeanCondition)

   ConnectionPoolMetricsAutoConfiguration matched:
      - @ConditionalOnClass found required classes 'io.r2dbc.pool.ConnectionPool', 'io.micrometer.core.instrument.MeterRegistry' (OnClassCondition)
      - @ConditionalOnBean (types: io.r2dbc.spi.ConnectionFactory,io.micrometer.core.instrument.MeterRegistry; SearchStrategy: all) found beans 'prometheusMeterRegistry', 'connectionFactory' (OnBeanCondition)

   DataMongoAutoConfiguration matched:
      - @ConditionalOnClass found required classes 'com.mongodb.client.MongoClient', 'org.springframework.data.mongodb.core.MongoTemplate' (OnClassCondition)

   DataMongoConfiguration#mappingMongoConverter matched:
      - @ConditionalOnMissingBean (types: org.springframework.data.mongodb.core.convert.MongoConverter; SearchStrategy: all) did not find any beans (OnBeanCondition)

   DataMongoConfiguration#mongoCustomConversions matched:
      - @ConditionalOnMissingBean (types: org.springframework.data.mongodb.core.convert.MongoCustomConversions; SearchStrategy: all) did not find any beans (OnBeanCondition)

   DataMongoConfiguration#mongoManagedTypes matched:
      - @ConditionalOnMissingBean (types: org.springframework.data.mongodb.MongoManagedTypes; SearchStrategy: all) did not find any beans (OnBeanCondition)

   DataMongoConfiguration#mongoMappingContext matched:
      - @ConditionalOnMissingBean (types: org.springframework.data.mongodb.core.mapping.MongoMappingContext; SearchStrategy: all) did not find any beans (OnBeanCondition)

   DataMongoReactiveAutoConfiguration matched:
      - @ConditionalOnClass found required classes 'com.mongodb.reactivestreams.client.MongoClient', 'org.springframework.data.mongodb.core.ReactiveMongoTemplate' (OnClassCondition)
      - @ConditionalOnBean (types: com.mongodb.reactivestreams.client.MongoClient; SearchStrategy: all) found bean 'reactiveStreamsMongoClient' (OnBeanCondition)

   DataMongoReactiveAutoConfiguration#dataBufferFactory matched:
      - @ConditionalOnMissingBean (types: org.springframework.core.io.buffer.DataBufferFactory; SearchStrategy: all) did not find any beans (OnBeanCondition)

   DataMongoReactiveAutoConfiguration#reactiveGridFsTemplate matched:
      - @ConditionalOnMissingBean (types: org.springframework.data.mongodb.gridfs.ReactiveGridFsOperations; SearchStrategy: all) did not find any beans (OnBeanCondition)

   DataMongoReactiveAutoConfiguration#reactiveMongoDatabaseFactory matched:
      - @ConditionalOnMissingBean (types: org.springframework.data.mongodb.ReactiveMongoDatabaseFactory; SearchStrategy: all) did not find any beans (OnBeanCondition)

   DataMongoReactiveAutoConfiguration#reactiveMongoTemplate matched:
      - @ConditionalOnMissingBean (types: org.springframework.data.mongodb.core.ReactiveMongoOperations; SearchStrategy: all) did not find any beans (OnBeanCondition)

   DataMongoReactiveRepositoriesAutoConfiguration matched:
      - @ConditionalOnClass found required classes 'com.mongodb.reactivestreams.client.MongoClient', 'org.springframework.data.mongodb.repository.ReactiveMongoRepository' (OnClassCondition)
      - @ConditionalOnRepositoryType configured type of 'AUTO' matched required type (OnRepositoryTypeCondition)
      - @ConditionalOnMissingBean (types: org.springframework.data.mongodb.repository.support.ReactiveMongoRepositoryFactoryBean,org.springframework.data.mongodb.repository.config.ReactiveMongoRepositoryConfigurationExtension; SearchStrategy: all) did not find any beans (OnBeanCondition)

   DataMongoRepositoriesAutoConfiguration matched:
      - @ConditionalOnClass found required classes 'com.mongodb.client.MongoClient', 'org.springframework.data.mongodb.repository.MongoRepository' (OnClassCondition)
      - @ConditionalOnRepositoryType configured type of 'AUTO' matched required type (OnRepositoryTypeCondition)
      - @ConditionalOnMissingBean (types: org.springframework.data.mongodb.repository.support.MongoRepositoryFactoryBean,org.springframework.data.mongodb.repository.config.MongoRepositoryConfigurationExtension; SearchStrategy: all) did not find any beans (OnBeanCondition)

   DataR2dbcAutoConfiguration matched:
      - @ConditionalOnClass found required classes 'org.springframework.r2dbc.core.DatabaseClient', 'org.springframework.data.r2dbc.core.R2dbcEntityTemplate' (OnClassCondition)
      - @ConditionalOnSingleCandidate (types: org.springframework.r2dbc.core.DatabaseClient; SearchStrategy: all) found a single bean 'databaseClient' (OnBeanCondition)

   DataR2dbcAutoConfiguration#r2dbcConverter matched:
      - @ConditionalOnMissingBean (types: org.springframework.data.r2dbc.convert.MappingR2dbcConverter; SearchStrategy: all) did not find any beans (OnBeanCondition)

   DataR2dbcAutoConfiguration#r2dbcCustomConversions matched:
      - @ConditionalOnMissingBean (types: org.springframework.data.r2dbc.convert.R2dbcCustomConversions; SearchStrategy: all) did not find any beans (OnBeanCondition)

   DataR2dbcAutoConfiguration#r2dbcEntityTemplate matched:
      - @ConditionalOnMissingBean (types: org.springframework.data.r2dbc.core.R2dbcEntityTemplate; SearchStrategy: all) did not find any beans (OnBeanCondition)

   DataR2dbcAutoConfiguration#r2dbcManagedTypes matched:
      - @ConditionalOnMissingBean (types: org.springframework.data.relational.RelationalManagedTypes; SearchStrategy: all) did not find any beans (OnBeanCondition)

   DataR2dbcAutoConfiguration#r2dbcMappingContext matched:
      - @ConditionalOnMissingBean (types: org.springframework.data.r2dbc.mapping.R2dbcMappingContext; SearchStrategy: all) did not find any beans (OnBeanCondition)

   DataR2dbcRepositoriesAutoConfiguration matched:
      - @ConditionalOnClass found required classes 'io.r2dbc.spi.ConnectionFactory', 'org.springframework.data.r2dbc.repository.R2dbcRepository' (OnClassCondition)
      - @ConditionalOnBooleanProperty (spring.data.r2dbc.repositories.enabled=true) matched (OnPropertyCondition)
      - @ConditionalOnBean (types: org.springframework.r2dbc.core.DatabaseClient; SearchStrategy: all) found bean 'databaseClient'; @ConditionalOnMissingBean (types: org.springframework.data.r2dbc.repository.support.R2dbcRepositoryFactoryBean; SearchStrategy: all) did not find any beans (OnBeanCondition)

   DataRepositoryMetricsAutoConfiguration matched:
      - @ConditionalOnClass found required class 'org.springframework.data.repository.Repository' (OnClassCondition)
      - @ConditionalOnBean (types: io.micrometer.core.instrument.MeterRegistry; SearchStrategy: all) found bean 'prometheusMeterRegistry' (OnBeanCondition)

   DataRepositoryMetricsAutoConfiguration#metricsRepositoryMethodInvocationListener matched:
      - @ConditionalOnMissingBean (types: org.springframework.boot.data.metrics.MetricsRepositoryMethodInvocationListener; SearchStrategy: all) did not find any beans (OnBeanCondition)

   DataRepositoryMetricsAutoConfiguration#repositoryTagsProvider matched:
      - @ConditionalOnMissingBean (types: org.springframework.boot.data.metrics.RepositoryTagsProvider; SearchStrategy: all) did not find any beans (OnBeanCondition)

   DiskSpaceHealthContributorAutoConfiguration matched:
      - @ConditionalOnClass found required class 'org.springframework.boot.health.contributor.Health' (OnClassCondition)
      - @ConditionalOnEnabledHealthIndicator management.health.defaults.enabled is considered true (OnEnabledHealthIndicatorCondition)

   DiskSpaceHealthContributorAutoConfiguration#diskSpaceHealthIndicator matched:
      - @ConditionalOnMissingBean (names: diskSpaceHealthIndicator; SearchStrategy: all) did not find any beans (OnBeanCondition)

   EndpointAutoConfiguration#endpointCachingOperationInvokerAdvisor matched:
      - @ConditionalOnMissingBean (types: org.springframework.boot.actuate.endpoint.invoker.cache.CachingOperationInvokerAdvisor; SearchStrategy: all) did not find any beans (OnBeanCondition)

   EndpointAutoConfiguration#endpointOperationParameterMapper matched:
      - @ConditionalOnMissingBean (types: org.springframework.boot.actuate.endpoint.invoke.ParameterValueMapper; SearchStrategy: all) did not find any beans (OnBeanCondition)

   EndpointAutoConfiguration#propertiesEndpointAccessResolver matched:
      - @ConditionalOnMissingBean (types: org.springframework.boot.actuate.endpoint.EndpointAccessResolver; SearchStrategy: all) did not find any beans (OnBeanCondition)

   ErrorWebFluxAutoConfiguration matched:
      - @ConditionalOnClass found required class 'org.springframework.web.reactive.config.WebFluxConfigurer' (OnClassCondition)
      - found ConfigurableReactiveWebEnvironment (OnWebApplicationCondition)

   ErrorWebFluxAutoConfiguration#errorAttributes matched:
      - @ConditionalOnMissingBean (types: org.springframework.boot.webflux.error.ErrorAttributes; SearchStrategy: current) did not find any beans (OnBeanCondition)

   ErrorWebFluxAutoConfiguration#errorWebExceptionHandler matched:
      - @ConditionalOnMissingBean (types: org.springframework.boot.webflux.error.ErrorWebExceptionHandler; SearchStrategy: current) did not find any beans (OnBeanCondition)

   HazelcastConfiguration#hazelcastInstance matched:
      - @ConditionalOnProperty (io.sapl.hazelcast.enabled=true) matched (OnPropertyCondition)

   HazelcastTopicTest matched:
      - @ConditionalOnBean (types: com.hazelcast.core.HazelcastInstance; SearchStrategy: all) found bean 'hazelcastInstance' (OnBeanCondition)

   HealthContributorAutoConfiguration#pingHealthContributor matched:
      - @ConditionalOnEnabledHealthIndicator management.health.defaults.enabled is considered true (OnEnabledHealthIndicatorCondition)

   HealthContributorRegistryAutoConfiguration#healthContributorRegistry matched:
      - @ConditionalOnMissingBean (types: org.springframework.boot.health.registry.HealthContributorRegistry; SearchStrategy: all) did not find any beans (OnBeanCondition)

   HealthContributorRegistryAutoConfiguration.ReactiveHealthContributorRegistryConfiguration matched:
      - @ConditionalOnClass found required class 'reactor.core.publisher.Flux' (OnClassCondition)

   HealthContributorRegistryAutoConfiguration.ReactiveHealthContributorRegistryConfiguration#reactiveHealthContributorRegistry matched:
      - @ConditionalOnMissingBean (types: org.springframework.boot.health.registry.ReactiveHealthContributorRegistry; SearchStrategy: all) did not find any beans (OnBeanCondition)

   HealthEndpointAutoConfiguration matched:
      - @ConditionalOnClass found required class 'org.springframework.boot.actuate.endpoint.annotation.Endpoint' (OnClassCondition)
      - @ConditionalOnAvailableEndpoint marked as exposed by a 'management.endpoints.web.exposure' property (OnAvailableEndpointCondition)
      - @ConditionalOnBean (types: org.springframework.boot.health.registry.HealthContributorRegistry; SearchStrategy: all) found bean 'healthContributorRegistry' (OnBeanCondition)

   HealthEndpointConfiguration#healthEndpoint matched:
      - @ConditionalOnMissingBean (types: org.springframework.boot.health.actuate.endpoint.HealthEndpoint; SearchStrategy: all) did not find any beans (OnBeanCondition)

   HealthEndpointConfiguration#healthEndpointGroupMembershipValidator matched:
      - @ConditionalOnBooleanProperty (management.endpoint.health.validate-group-membership=true) matched (OnPropertyCondition)

   HealthEndpointConfiguration#healthEndpointGroups matched:
      - @ConditionalOnMissingBean (types: org.springframework.boot.health.actuate.endpoint.HealthEndpointGroups; SearchStrategy: all) did not find any beans (OnBeanCondition)

   HealthEndpointConfiguration#healthHttpCodeStatusMapper matched:
      - @ConditionalOnMissingBean (types: org.springframework.boot.health.actuate.endpoint.HttpCodeStatusMapper; SearchStrategy: all) did not find any beans (OnBeanCondition)

   HealthEndpointConfiguration#healthStatusAggregator matched:
      - @ConditionalOnMissingBean (types: org.springframework.boot.health.actuate.endpoint.StatusAggregator; SearchStrategy: all) did not find any beans (OnBeanCondition)

   HealthEndpointReactiveWebExtensionConfiguration matched:
      - found ConfigurableReactiveWebEnvironment (OnWebApplicationCondition)
      - @ConditionalOnAvailableEndpoint marked as exposed by a 'management.endpoints.web.exposure' property (OnAvailableEndpointCondition)

   HealthEndpointReactiveWebExtensionConfiguration#reactiveHealthEndpointWebExtension matched:
      - @ConditionalOnBean (types: org.springframework.boot.health.actuate.endpoint.HealthEndpoint; SearchStrategy: all) found bean 'healthEndpoint'; @ConditionalOnMissingBean (types: org.springframework.boot.health.actuate.endpoint.ReactiveHealthEndpointWebExtension; SearchStrategy: all) did not find any beans (OnBeanCondition)

   HttpHandlerAutoConfiguration matched:
      - @ConditionalOnClass found required classes 'org.springframework.web.reactive.DispatcherHandler', 'org.springframework.http.server.reactive.HttpHandler' (OnClassCondition)
      - found ConfigurableReactiveWebEnvironment (OnWebApplicationCondition)
      - @ConditionalOnMissingBean (types: org.springframework.http.server.reactive.HttpHandler; SearchStrategy: all) did not find any beans (OnBeanCondition)

   InfoContributorAutoConfiguration#gitInfoContributor matched:
      - @ConditionalOnEnabledInfoContributor management.info.defaults.enabled is considered true (OnEnabledInfoContributorCondition)
      - @ConditionalOnSingleCandidate (types: org.springframework.boot.info.GitProperties; SearchStrategy: all) found a single bean 'gitProperties'; @ConditionalOnMissingBean (types: org.springframework.boot.actuate.info.GitInfoContributor; SearchStrategy: all) did not find any beans (OnBeanCondition)

   InfoEndpointAutoConfiguration matched:
      - @ConditionalOnAvailableEndpoint marked as exposed by a 'management.endpoints.web.exposure' property (OnAvailableEndpointCondition)

   InfoEndpointAutoConfiguration#infoEndpoint matched:
      - @ConditionalOnMissingBean (types: org.springframework.boot.actuate.info.InfoEndpoint; SearchStrategy: all) did not find any beans (OnBeanCondition)

   InterceptorAutoConfiguration matched:
      - @ConditionalOnClass found required class 'io.sapl.pdp.PolicyDecisionPointBuilder' (OnClassCondition)
      - @ConditionalOnProperty (io.sapl.pdp.embedded.enabled=true) matched (OnPropertyCondition)

   InterceptorAutoConfiguration#reportingDecisionInterceptor matched:
      - @ConditionalOnMissingBean (types: io.sapl.pdp.interceptors.ReportingDecisionInterceptor; SearchStrategy: all) did not find any beans (OnBeanCondition)

   Jackson2EndpointAutoConfiguration matched:
      - @ConditionalOnClass found required classes 'com.fasterxml.jackson.databind.ObjectMapper', 'org.springframework.http.converter.json.Jackson2ObjectMapperBuilder' (OnClassCondition)

   Jackson2EndpointAutoConfiguration#jackson2EndpointJsonMapper matched:
      - @ConditionalOnBooleanProperty (management.endpoints.jackson2.isolated-object-mapper=true) matched (OnPropertyCondition)

   JacksonAutoConfiguration matched:
      - @ConditionalOnClass found required class 'tools.jackson.databind.json.JsonMapper' (OnClassCondition)

   JacksonAutoConfiguration#jacksonJsonMapper matched:
      - @ConditionalOnMissingBean (types: tools.jackson.databind.json.JsonMapper; SearchStrategy: all) did not find any beans (OnBeanCondition)

   JacksonAutoConfiguration#jsonMapperBuilder matched:
      - @ConditionalOnMissingBean (types: tools.jackson.databind.json.JsonMapper$Builder; SearchStrategy: all) did not find any beans (OnBeanCondition)

   JacksonAutoConfiguration.CborConfiguration matched:
      - @ConditionalOnClass found required class 'tools.jackson.dataformat.cbor.CBORMapper' (OnClassCondition)

   JacksonAutoConfiguration.CborConfiguration#cborMapper matched:
      - @ConditionalOnMissingBean (types: tools.jackson.dataformat.cbor.CBORMapper; SearchStrategy: all) did not find any beans (OnBeanCondition)

   JacksonAutoConfiguration.CborConfiguration#cborMapperBuilder matched:
      - @ConditionalOnMissingBean (types: tools.jackson.dataformat.cbor.CBORMapper$Builder; SearchStrategy: all) did not find any beans (OnBeanCondition)

   JacksonAutoConfiguration.JsonProblemDetailsConfiguration matched:
      - @ConditionalOnClass found required class 'org.springframework.http.ProblemDetail' (OnClassCondition)

   JacksonAutoConfiguration.XmlConfiguration matched:
      - @ConditionalOnClass found required class 'tools.jackson.dataformat.xml.XmlMapper' (OnClassCondition)

   JacksonAutoConfiguration.XmlConfiguration#xmlMapper matched:
      - @ConditionalOnMissingBean (types: tools.jackson.dataformat.xml.XmlMapper; SearchStrategy: all) did not find any beans (OnBeanCondition)

   JacksonAutoConfiguration.XmlConfiguration#xmlMapperBuilder matched:
      - @ConditionalOnMissingBean (types: tools.jackson.dataformat.xml.XmlMapper$Builder; SearchStrategy: all) did not find any beans (OnBeanCondition)

   JacksonAutoConfiguration.XmlConfiguration.XmlProblemDetailsConfiguration matched:
      - @ConditionalOnClass found required class 'org.springframework.http.ProblemDetail' (OnClassCondition)

   JacksonEndpointAutoConfiguration matched:
      - @ConditionalOnClass found required class 'tools.jackson.databind.json.JsonMapper' (OnClassCondition)

   JacksonEndpointAutoConfiguration#endpointJsonMapper matched:
      - @ConditionalOnBooleanProperty (management.endpoints.jackson.isolated-json-mapper=true) matched (OnPropertyCondition)

   JvmMetricsAutoConfiguration matched:
      - @ConditionalOnClass found required class 'io.micrometer.core.instrument.MeterRegistry' (OnClassCondition)
      - @ConditionalOnBean (types: io.micrometer.core.instrument.MeterRegistry; SearchStrategy: all) found bean 'prometheusMeterRegistry' (OnBeanCondition)

   JvmMetricsAutoConfiguration#classLoaderMetrics matched:
      - @ConditionalOnMissingBean (types: io.micrometer.core.instrument.binder.jvm.ClassLoaderMetrics; SearchStrategy: all) did not find any beans (OnBeanCondition)

   JvmMetricsAutoConfiguration#jvmCompilationMetrics matched:
      - @ConditionalOnMissingBean (types: io.micrometer.core.instrument.binder.jvm.JvmCompilationMetrics; SearchStrategy: all) did not find any beans (OnBeanCondition)

   JvmMetricsAutoConfiguration#jvmGcMetrics matched:
      - @ConditionalOnMissingBean (types: io.micrometer.core.instrument.binder.jvm.JvmGcMetrics; SearchStrategy: all) did not find any beans (OnBeanCondition)

   JvmMetricsAutoConfiguration#jvmHeapPressureMetrics matched:
      - @ConditionalOnMissingBean (types: io.micrometer.core.instrument.binder.jvm.JvmHeapPressureMetrics; SearchStrategy: all) did not find any beans (OnBeanCondition)

   JvmMetricsAutoConfiguration#jvmInfoMetrics matched:
      - @ConditionalOnMissingBean (types: io.micrometer.core.instrument.binder.jvm.JvmInfoMetrics; SearchStrategy: all) did not find any beans (OnBeanCondition)

   JvmMetricsAutoConfiguration#jvmMemoryMetrics matched:
      - @ConditionalOnMissingBean (types: io.micrometer.core.instrument.binder.jvm.JvmMemoryMetrics; SearchStrategy: all) did not find any beans (OnBeanCondition)

   JvmMetricsAutoConfiguration#jvmThreadMetrics matched:
      - @ConditionalOnMissingBean (types: io.micrometer.core.instrument.binder.jvm.JvmThreadMetrics; SearchStrategy: all) did not find any beans (OnBeanCondition)

   LifecycleAutoConfiguration#defaultLifecycleProcessor matched:
      - @ConditionalOnMissingBean (names: lifecycleProcessor; SearchStrategy: current) did not find any beans (OnBeanCondition)

   LogbackMetricsAutoConfiguration matched:
      - @ConditionalOnClass found required classes 'io.micrometer.core.instrument.MeterRegistry', 'ch.qos.logback.classic.LoggerContext', 'org.slf4j.LoggerFactory' (OnClassCondition)
      - LogbackLoggingCondition ILoggerFactory is a Logback LoggerContext (LogbackMetricsAutoConfiguration.LogbackLoggingCondition)
      - @ConditionalOnBean (types: io.micrometer.core.instrument.MeterRegistry; SearchStrategy: all) found bean 'prometheusMeterRegistry' (OnBeanCondition)

   LogbackMetricsAutoConfiguration#logbackMetrics matched:
      - @ConditionalOnMissingBean (types: io.micrometer.core.instrument.binder.logging.LogbackMetrics; SearchStrategy: all) did not find any beans (OnBeanCondition)

   ManagementContextAutoConfiguration.SameManagementContextConfiguration matched:
      - Management Port actual port type (SAME) matched required type (OnManagementPortCondition)

   MetricsAutoConfiguration matched:
      - @ConditionalOnClass found required class 'io.micrometer.core.annotation.Timed' (OnClassCondition)

   MetricsAutoConfiguration#micrometerClock matched:
      - @ConditionalOnMissingBean (types: io.micrometer.core.instrument.Clock; SearchStrategy: all) did not find any beans (OnBeanCondition)

   MongoAutoConfiguration matched:
      - @ConditionalOnClass found required class 'com.mongodb.client.MongoClient' (OnClassCondition)
      - @ConditionalOnMissingBean (types: org.springframework.data.mongodb.MongoDatabaseFactory; SearchStrategy: all) did not find any beans (OnBeanCondition)

   MongoAutoConfiguration#mongo matched:
      - @ConditionalOnMissingBean (types: com.mongodb.client.MongoClient; SearchStrategy: all) did not find any beans (OnBeanCondition)

   MongoAutoConfiguration#mongoConnectionDetails matched:
      - @ConditionalOnMissingBean (types: org.springframework.boot.mongodb.autoconfigure.MongoConnectionDetails; SearchStrategy: all) did not find any beans (OnBeanCondition)

   MongoAutoConfiguration.MongoClientSettingsConfiguration matched:
      - @ConditionalOnMissingBean (types: com.mongodb.MongoClientSettings; SearchStrategy: all) did not find any beans (OnBeanCondition)

   MongoDatabaseFactoryConfiguration matched:
      - @ConditionalOnSingleCandidate (types: com.mongodb.client.MongoClient; SearchStrategy: all) found a single bean 'mongo'; @ConditionalOnMissingBean (types: org.springframework.data.mongodb.MongoDatabaseFactory; SearchStrategy: all) did not find any beans (OnBeanCondition)

   MongoDatabaseFactoryDependentConfiguration matched:
      - @ConditionalOnBean (types: org.springframework.data.mongodb.MongoDatabaseFactory; SearchStrategy: all) found bean 'mongoDatabaseFactory' (OnBeanCondition)

   MongoDatabaseFactoryDependentConfiguration#gridFsTemplate matched:
      - @ConditionalOnMissingBean (types: org.springframework.data.mongodb.gridfs.GridFsOperations; SearchStrategy: all) did not find any beans (OnBeanCondition)

   MongoDatabaseFactoryDependentConfiguration#mongoTemplate matched:
      - @ConditionalOnMissingBean (types: org.springframework.data.mongodb.core.MongoOperations; SearchStrategy: all) did not find any beans (OnBeanCondition)

   MongoHealthContributorAutoConfiguration matched:
      - @ConditionalOnClass found required classes 'com.mongodb.client.MongoClient', 'org.springframework.boot.mongodb.health.MongoHealthIndicator', 'org.springframework.boot.health.autoconfigure.contributor.ConditionalOnEnabledHealthIndicator' (OnClassCondition)
      - @ConditionalOnEnabledHealthIndicator management.health.defaults.enabled is considered true (OnEnabledHealthIndicatorCondition)
      - @ConditionalOnBean (types: com.mongodb.client.MongoClient; SearchStrategy: all) found bean 'mongo' (OnBeanCondition)

   MongoMetricsAutoConfiguration matched:
      - @ConditionalOnClass found required classes 'com.mongodb.MongoClientSettings', 'io.micrometer.core.instrument.MeterRegistry' (OnClassCondition)
      - @ConditionalOnBean (types: io.micrometer.core.instrument.MeterRegistry; SearchStrategy: all) found bean 'prometheusMeterRegistry' (OnBeanCondition)

   MongoMetricsAutoConfiguration.MongoCommandMetricsConfiguration matched:
      - @ConditionalOnClass found required class 'io.micrometer.core.instrument.binder.mongodb.MongoMetricsCommandListener' (OnClassCondition)
      - @ConditionalOnBooleanProperty (management.metrics.mongodb.command.enabled=true) matched (OnPropertyCondition)

   MongoMetricsAutoConfiguration.MongoCommandMetricsConfiguration#mongoCommandTagsProvider matched:
      - @ConditionalOnMissingBean (types: io.micrometer.core.instrument.binder.mongodb.MongoCommandTagsProvider; SearchStrategy: all) did not find any beans (OnBeanCondition)

   MongoMetricsAutoConfiguration.MongoCommandMetricsConfiguration#mongoMetricsCommandListener matched:
      - @ConditionalOnMissingBean (types: io.micrometer.core.instrument.binder.mongodb.MongoMetricsCommandListener; SearchStrategy: all) did not find any beans (OnBeanCondition)

   MongoMetricsAutoConfiguration.MongoConnectionPoolMetricsConfiguration matched:
      - @ConditionalOnClass found required class 'io.micrometer.core.instrument.binder.mongodb.MongoMetricsConnectionPoolListener' (OnClassCondition)
      - @ConditionalOnBooleanProperty (management.metrics.mongodb.connectionpool.enabled=true) matched (OnPropertyCondition)

   MongoMetricsAutoConfiguration.MongoConnectionPoolMetricsConfiguration#mongoConnectionPoolTagsProvider matched:
      - @ConditionalOnMissingBean (types: io.micrometer.core.instrument.binder.mongodb.MongoConnectionPoolTagsProvider; SearchStrategy: all) did not find any beans (OnBeanCondition)

   MongoMetricsAutoConfiguration.MongoConnectionPoolMetricsConfiguration#mongoMetricsConnectionPoolListener matched:
      - @ConditionalOnMissingBean (types: io.micrometer.core.instrument.binder.mongodb.MongoMetricsConnectionPoolListener; SearchStrategy: all) did not find any beans (OnBeanCondition)

   MongoReactiveAutoConfiguration matched:
      - @ConditionalOnClass found required classes 'com.mongodb.reactivestreams.client.MongoClient', 'reactor.core.publisher.Flux' (OnClassCondition)

   MongoReactiveAutoConfiguration#reactiveStreamsMongoClient matched:
      - @ConditionalOnMissingBean (types: com.mongodb.reactivestreams.client.MongoClient; SearchStrategy: all) did not find any beans (OnBeanCondition)

   MongoReactiveAutoConfiguration.NettyDriverConfiguration matched:
      - @ConditionalOnClass found required classes 'io.netty.channel.socket.SocketChannel', 'io.netty.channel.nio.NioIoHandler' (OnClassCondition)

   MongoReactiveHealthContributorAutoConfiguration matched:
      - @ConditionalOnClass found required classes 'com.mongodb.reactivestreams.client.MongoClient', 'reactor.core.publisher.Flux', 'org.springframework.boot.mongodb.health.MongoReactiveHealthIndicator', 'org.springframework.boot.health.autoconfigure.contributor.ConditionalOnEnabledHealthIndicator' (OnClassCondition)
      - @ConditionalOnEnabledHealthIndicator management.health.defaults.enabled is considered true (OnEnabledHealthIndicatorCondition)
      - @ConditionalOnBean (types: com.mongodb.reactivestreams.client.MongoClient; SearchStrategy: all) found bean 'reactiveStreamsMongoClient' (OnBeanCondition)

   MongoReactiveHealthContributorAutoConfiguration#mongoHealthContributor matched:
      - @ConditionalOnMissingBean (names: mongoHealthIndicator,mongoHealthContributor; SearchStrategy: all) did not find any beans (OnBeanCondition)

   NettyAutoConfiguration matched:
      - @ConditionalOnClass found required class 'io.netty.util.NettyRuntime' (OnClassCondition)

   NettyReactiveWebServerAutoConfiguration matched:
      - @ConditionalOnClass found required classes 'org.springframework.http.ReactiveHttpInputMessage', 'reactor.netty.http.server.HttpServer' (OnClassCondition)

   NettyReactiveWebServerAutoConfiguration#nettyReactiveWebServerFactory matched:
      - @ConditionalOnMissingBean (types: org.springframework.boot.web.server.reactive.ReactiveWebServerFactory; SearchStrategy: all) did not find any beans (OnBeanCondition)

   ObjectMapperAutoConfiguration#saplReactiveJacksonModule matched:
      - @ConditionalOnClass found required class 'org.springframework.http.server.reactive.ServerHttpRequest' (OnClassCondition)
      - @ConditionalOnMissingBean (types: io.sapl.spring.serialization.SaplReactiveJacksonModule; SearchStrategy: all) did not find any beans (OnBeanCondition)

   ObservationAutoConfiguration matched:
      - @ConditionalOnClass found required class 'io.micrometer.observation.ObservationRegistry' (OnClassCondition)

   ObservationAutoConfiguration#observationRegistry matched:
      - @ConditionalOnMissingBean (types: io.micrometer.observation.ObservationRegistry; SearchStrategy: all) did not find any beans (OnBeanCondition)

   ObservationAutoConfiguration#spelValueExpressionResolver matched:
      - @ConditionalOnMissingBean (types: io.micrometer.common.annotation.ValueExpressionResolver; SearchStrategy: all) did not find any beans (OnBeanCondition)

   PDPAutoConfiguration matched:
      - @ConditionalOnClass found required class 'io.sapl.pdp.PolicyDecisionPointBuilder' (OnClassCondition)
      - @ConditionalOnProperty (io.sapl.pdp.embedded.enabled=true) matched (OnPropertyCondition)

   PDPAutoConfiguration#clock matched:
      - @ConditionalOnMissingBean (types: java.time.Clock; SearchStrategy: all) did not find any beans (OnBeanCondition)

   PdpHealthIndicatorAutoConfiguration matched:
      - @ConditionalOnClass found required class 'org.springframework.boot.health.contributor.HealthIndicator' (OnClassCondition)
      - @ConditionalOnProperty (io.sapl.pdp.embedded.enabled=true) matched (OnPropertyCondition)

   ProjectInfoAutoConfiguration#gitProperties matched:
      - GitResource found git info at classpath:git.properties (ProjectInfoAutoConfiguration.GitResourceAvailableCondition)
      - @ConditionalOnMissingBean (types: org.springframework.boot.info.GitProperties; SearchStrategy: all) did not find any beans (OnBeanCondition)

   PrometheusMetricsExportAutoConfiguration matched:
      - @ConditionalOnClass found required class 'io.micrometer.prometheusmetrics.PrometheusMeterRegistry' (OnClassCondition)
      - @ConditionalOnEnabledMetricsExport management.defaults.metrics.export.enabled is considered true (OnMetricsExportEnabledCondition)
      - @ConditionalOnBean (types: io.micrometer.core.instrument.Clock; SearchStrategy: all) found bean 'micrometerClock' (OnBeanCondition)

   PrometheusMetricsExportAutoConfiguration#prometheusConfig matched:
      - @ConditionalOnMissingBean (types: io.micrometer.prometheusmetrics.PrometheusConfig; SearchStrategy: all) did not find any beans (OnBeanCondition)

   PrometheusMetricsExportAutoConfiguration#prometheusMeterRegistry matched:
      - @ConditionalOnMissingBean (types: io.micrometer.prometheusmetrics.PrometheusMeterRegistry; SearchStrategy: all) did not find any beans (OnBeanCondition)

   PrometheusMetricsExportAutoConfiguration#prometheusRegistry matched:
      - @ConditionalOnMissingBean (types: io.prometheus.metrics.model.registry.PrometheusRegistry; SearchStrategy: all) did not find any beans (OnBeanCondition)

   PrometheusMetricsExportAutoConfiguration.PrometheusScrapeEndpointConfiguration matched:
      - @ConditionalOnClass found required classes 'org.springframework.boot.micrometer.metrics.autoconfigure.export.prometheus.PrometheusScrapeEndpoint', 'org.springframework.boot.actuate.autoconfigure.endpoint.condition.ConditionalOnAvailableEndpoint' (OnClassCondition)
      - @ConditionalOnAvailableEndpoint marked as exposed by a 'management.endpoints.web.exposure' property (OnAvailableEndpointCondition)

   PrometheusMetricsExportAutoConfiguration.PrometheusScrapeEndpointConfiguration#prometheusEndpoint matched:
      - @ConditionalOnMissingBean (types: org.springframework.boot.micrometer.metrics.autoconfigure.export.prometheus.PrometheusScrapeEndpoint; SearchStrategy: all) did not find any beans (OnBeanCondition)

   PropertyPlaceholderAutoConfiguration#propertySourcesPlaceholderConfigurer matched:
      - @ConditionalOnMissingBean (types: org.springframework.context.support.PropertySourcesPlaceholderConfigurer; SearchStrategy: current) did not find any beans (OnBeanCondition)

   R2dbcInitializationAutoConfiguration matched:
      - @ConditionalOnClass found required classes 'io.r2dbc.spi.ConnectionFactory', 'org.springframework.r2dbc.connection.init.DatabasePopulator' (OnClassCondition)
      - SQL InitializationDatabase Initialization default value is EMBEDDED (OnSqlInitializationCondition)
      - @ConditionalOnSingleCandidate (types: io.r2dbc.spi.ConnectionFactory; SearchStrategy: all) found a single bean 'connectionFactory'; @ConditionalOnMissingBean (types: org.springframework.boot.r2dbc.autoconfigure.ApplicationR2dbcScriptDatabaseInitializer,org.springframework.boot.jdbc.autoconfigure.ApplicationDataSourceScriptDatabaseInitializer; SearchStrategy: all) did not find any beans (OnBeanCondition)

   R2dbcTransactionManagerAutoConfiguration matched:
      - @ConditionalOnClass found required classes 'org.springframework.r2dbc.connection.R2dbcTransactionManager', 'org.springframework.transaction.ReactiveTransactionManager' (OnClassCondition)
      - @ConditionalOnSingleCandidate (types: io.r2dbc.spi.ConnectionFactory; SearchStrategy: all) found a single bean 'connectionFactory' (OnBeanCondition)

   R2dbcTransactionManagerAutoConfiguration#connectionFactoryTransactionManager matched:
      - @ConditionalOnMissingBean (types: org.springframework.transaction.ReactiveTransactionManager; SearchStrategy: all) did not find any beans (OnBeanCondition)

   RSocketMessagingAutoConfiguration matched:
      - @ConditionalOnClass found required classes 'org.springframework.messaging.rsocket.RSocketRequester', 'io.rsocket.RSocket', 'io.rsocket.transport.netty.server.TcpServerTransport' (OnClassCondition)

   RSocketMessagingAutoConfiguration#messageHandler matched:
      - @ConditionalOnMissingBean (types: org.springframework.messaging.rsocket.annotation.support.RSocketMessageHandler; SearchStrategy: all) did not find any beans (OnBeanCondition)

   RSocketMessagingAutoConfiguration.MessagingAdviceConfiguration matched:
      - @ConditionalOnClass found required class 'org.springframework.web.method.ControllerAdviceBean' (OnClassCondition)

   RSocketRequesterAutoConfiguration matched:
      - @ConditionalOnClass found required classes 'org.springframework.messaging.rsocket.RSocketRequester', 'io.rsocket.RSocket', 'reactor.netty.http.server.HttpServer', 'io.rsocket.transport.netty.server.TcpServerTransport' (OnClassCondition)

   RSocketRequesterAutoConfiguration#rSocketRequesterBuilder matched:
      - @ConditionalOnMissingBean (types: org.springframework.messaging.rsocket.RSocketRequester$Builder; SearchStrategy: all) did not find any beans (OnBeanCondition)

   RSocketServerAutoConfiguration matched:
      - @ConditionalOnClass found required classes 'io.rsocket.core.RSocketServer', 'org.springframework.messaging.rsocket.RSocketStrategies', 'reactor.netty.http.server.HttpServer', 'io.rsocket.transport.netty.server.TcpServerTransport' (OnClassCondition)
      - @ConditionalOnBean (types: org.springframework.messaging.rsocket.annotation.support.RSocketMessageHandler; SearchStrategy: all) found bean 'messageHandler' (OnBeanCondition)

   RSocketStrategiesAutoConfiguration matched:
      - @ConditionalOnClass found required classes 'io.rsocket.RSocket', 'org.springframework.messaging.rsocket.RSocketStrategies', 'io.netty.buffer.PooledByteBufAllocator' (OnClassCondition)

   RSocketStrategiesAutoConfiguration#rSocketStrategies matched:
      - @ConditionalOnMissingBean (types: org.springframework.messaging.rsocket.RSocketStrategies; SearchStrategy: all) did not find any beans (OnBeanCondition)

   RSocketStrategiesAutoConfiguration.JacksonStrategyConfiguration matched:
      - @ConditionalOnProperty (spring.rsocket.preferred-mapper=jackson) matched (OnPropertyCondition)

   RSocketStrategiesAutoConfiguration.JacksonStrategyConfiguration.JacksonCborStrategyConfiguration matched:
      - @ConditionalOnClass found required class 'tools.jackson.dataformat.cbor.CBORMapper' (OnClassCondition)
      - @ConditionalOnBean (types: tools.jackson.dataformat.cbor.CBORMapper; SearchStrategy: all) found bean 'cborMapper' (OnBeanCondition)

   RSocketStrategiesAutoConfiguration.JacksonStrategyConfiguration.JacksonJsonStrategyConfiguration matched:
      - @ConditionalOnClass found required class 'tools.jackson.databind.json.JsonMapper' (OnClassCondition)

   RSocketStrategiesAutoConfiguration.JacksonStrategyConfiguration.JacksonJsonStrategyConfiguration#jacksonJsonRSocketStrategyCustomizer matched:
      - @ConditionalOnBean (types: tools.jackson.databind.json.JsonMapper; SearchStrategy: all) found bean 'jacksonJsonMapper' (OnBeanCondition)

   ReactiveMultipartAutoConfiguration matched:
      - @ConditionalOnClass found required classes 'org.springframework.http.codec.multipart.DefaultPartHttpMessageReader', 'org.springframework.web.reactive.config.WebFluxConfigurer' (OnClassCondition)
      - found ConfigurableReactiveWebEnvironment (OnWebApplicationCondition)

   ReactiveWebSecurityAutoConfiguration matched:
      - @ConditionalOnClass found required classes 'reactor.core.publisher.Flux', 'org.springframework.security.config.annotation.web.reactive.EnableWebFluxSecurity', 'org.springframework.security.web.server.WebFilterChainProxy', 'org.springframework.web.reactive.config.WebFluxConfigurer' (OnClassCondition)

   ReactiveWebSecurityAutoConfiguration.SpringBootWebFluxSecurityConfiguration matched:
      - found ConfigurableReactiveWebEnvironment (OnWebApplicationCondition)

   ReactorAutoConfiguration matched:
      - @ConditionalOnClass found required class 'reactor.core.publisher.Hooks' (OnClassCondition)

   ReactorNettyConfigurations.ReactorResourceFactoryConfiguration#reactorResourceFactory matched:
      - @ConditionalOnMissingBean (types: org.springframework.http.client.ReactorResourceFactory; SearchStrategy: all) did not find any beans (OnBeanCondition)

   SaplJacksonAutoConfiguration#saplJacksonModule matched:
      - @ConditionalOnMissingBean (types: io.sapl.api.model.jackson.SaplJacksonModule; SearchStrategy: all) did not find any beans (OnBeanCondition)

   SaplR2dbcAutoConfiguration matched:
      - @ConditionalOnClass found required class 'org.springframework.data.r2dbc.repository.R2dbcRepository' (OnClassCondition)

   SaplSpringDataCommonAutoConfiguration matched:
      - @ConditionalOnClass found required class 'org.springframework.data.repository.Repository' (OnClassCondition)

   SaplSpringDataCommonAutoConfiguration#authorizationSubscriptionBuilderService matched:
      - @ConditionalOnMissingBean (types: io.sapl.spring.subscriptions.AuthorizationSubscriptionBuilderService; SearchStrategy: all) did not find any beans (OnBeanCondition)

   ScheduledTasksObservationAutoConfiguration matched:
      - @ConditionalOnClass found required class 'org.springframework.scheduling.concurrent.ThreadPoolTaskScheduler' (OnClassCondition)
      - @ConditionalOnBean (types: io.micrometer.observation.ObservationRegistry; SearchStrategy: all) found bean 'observationRegistry' (OnBeanCondition)

   SecurityAutoConfiguration matched:
      - @ConditionalOnClass found required class 'org.springframework.security.authentication.DefaultAuthenticationEventPublisher' (OnClassCondition)

   SecurityAutoConfiguration#authenticationEventPublisher matched:
      - @ConditionalOnMissingBean (types: org.springframework.security.authentication.AuthenticationEventPublisher; SearchStrategy: all) did not find any beans (OnBeanCondition)

   SslAutoConfiguration#sslBundleRegistry matched:
      - @ConditionalOnMissingBean (types: org.springframework.boot.ssl.SslBundleRegistry,org.springframework.boot.ssl.SslBundles; SearchStrategy: all) did not find any beans (OnBeanCondition)

   SslHealthContributorAutoConfiguration matched:
      - @ConditionalOnClass found required class 'org.springframework.boot.health.contributor.Health' (OnClassCondition)
      - @ConditionalOnEnabledHealthIndicator management.health.defaults.enabled is considered true (OnEnabledHealthIndicatorCondition)

   SslHealthContributorAutoConfiguration#sslHealthIndicator matched:
      - @ConditionalOnMissingBean (names: sslHealthIndicator; SearchStrategy: all) did not find any beans (OnBeanCondition)

   SslHealthContributorAutoConfiguration#sslInfo matched:
      - @ConditionalOnMissingBean (types: org.springframework.boot.info.SslInfo; SearchStrategy: all) did not find any beans (OnBeanCondition)

   SslMetricsAutoConfiguration matched:
      - @ConditionalOnClass found required class 'io.micrometer.core.instrument.MeterRegistry' (OnClassCondition)
      - @ConditionalOnBean (types: io.micrometer.core.instrument.MeterRegistry,org.springframework.boot.ssl.SslBundles; SearchStrategy: all) found beans 'prometheusMeterRegistry', 'sslBundleRegistry' (OnBeanCondition)

   StartupTimeMetricsListenerAutoConfiguration matched:
      - @ConditionalOnClass found required class 'io.micrometer.core.instrument.MeterRegistry' (OnClassCondition)
      - @ConditionalOnBean (types: io.micrometer.core.instrument.MeterRegistry; SearchStrategy: all) found bean 'prometheusMeterRegistry' (OnBeanCondition)

   StartupTimeMetricsListenerAutoConfiguration#startupTimeMetrics matched:
      - @ConditionalOnMissingBean (types: org.springframework.boot.micrometer.metrics.startup.StartupTimeMetricsListener; SearchStrategy: all) did not find any beans (OnBeanCondition)

   SystemMetricsAutoConfiguration matched:
      - @ConditionalOnClass found required class 'io.micrometer.core.instrument.MeterRegistry' (OnClassCondition)
      - @ConditionalOnBean (types: io.micrometer.core.instrument.MeterRegistry; SearchStrategy: all) found bean 'prometheusMeterRegistry' (OnBeanCondition)

   SystemMetricsAutoConfiguration#diskSpaceMetrics matched:
      - @ConditionalOnMissingBean (types: org.springframework.boot.micrometer.metrics.system.DiskSpaceMetricsBinder; SearchStrategy: all) did not find any beans (OnBeanCondition)

   SystemMetricsAutoConfiguration#fileDescriptorMetrics matched:
      - @ConditionalOnMissingBean (types: io.micrometer.core.instrument.binder.system.FileDescriptorMetrics; SearchStrategy: all) did not find any beans (OnBeanCondition)

   SystemMetricsAutoConfiguration#processorMetrics matched:
      - @ConditionalOnMissingBean (types: io.micrometer.core.instrument.binder.system.ProcessorMetrics; SearchStrategy: all) did not find any beans (OnBeanCondition)

   SystemMetricsAutoConfiguration#uptimeMetrics matched:
      - @ConditionalOnMissingBean (types: io.micrometer.core.instrument.binder.system.UptimeMetrics; SearchStrategy: all) did not find any beans (OnBeanCondition)

   TaskExecutionAutoConfiguration matched:
      - @ConditionalOnClass found required class 'org.springframework.scheduling.concurrent.ThreadPoolTaskExecutor' (OnClassCondition)

   TaskExecutorConfigurations.AsyncConfigurerConfiguration matched:
      - @ConditionalOnMissingBean (types: org.springframework.scheduling.annotation.AsyncConfigurer; SearchStrategy: all) did not find any beans (OnBeanCondition)

   TaskExecutorConfigurations.SimpleAsyncTaskExecutorBuilderConfiguration#simpleAsyncTaskExecutorBuilder matched:
      - @ConditionalOnMissingBean (types: org.springframework.boot.task.SimpleAsyncTaskExecutorBuilder; SearchStrategy: all) did not find any beans (OnBeanCondition)
      - @ConditionalOnThreading found PLATFORM (OnThreadingCondition)

   TaskExecutorConfigurations.TaskExecutorConfiguration matched:
      - AnyNestedCondition 1 matched 1 did not; NestedCondition on TaskExecutorConfigurations.OnExecutorCondition.ModelCondition @ConditionalOnProperty (spring.task.execution.mode=force) did not find property 'spring.task.execution.mode'; NestedCondition on TaskExecutorConfigurations.OnExecutorCondition.ExecutorBeanCondition @ConditionalOnMissingBean (types: java.util.concurrent.Executor; SearchStrategy: all) did not find any beans (TaskExecutorConfigurations.OnExecutorCondition)

   TaskExecutorConfigurations.TaskExecutorConfiguration#applicationTaskExecutor matched:
      - @ConditionalOnThreading found PLATFORM (OnThreadingCondition)

   TaskExecutorConfigurations.ThreadPoolTaskExecutorBuilderConfiguration#threadPoolTaskExecutorBuilder matched:
      - @ConditionalOnMissingBean (types: org.springframework.boot.task.ThreadPoolTaskExecutorBuilder; SearchStrategy: all) did not find any beans (OnBeanCondition)

   TaskExecutorMetricsAutoConfiguration matched:
      - @ConditionalOnClass found required class 'io.micrometer.core.instrument.binder.jvm.ExecutorServiceMetrics' (OnClassCondition)
      - @ConditionalOnBean (types: java.util.concurrent.Executor,io.micrometer.core.instrument.MeterRegistry; SearchStrategy: all) found beans 'prometheusMeterRegistry', 'applicationTaskExecutor' (OnBeanCondition)

   TaskSchedulingAutoConfiguration matched:
      - @ConditionalOnClass found required class 'org.springframework.scheduling.concurrent.ThreadPoolTaskScheduler' (OnClassCondition)

   TaskSchedulingConfigurations.SimpleAsyncTaskSchedulerBuilderConfiguration#simpleAsyncTaskSchedulerBuilder matched:
      - @ConditionalOnMissingBean (types: org.springframework.boot.task.SimpleAsyncTaskSchedulerBuilder; SearchStrategy: all) did not find any beans (OnBeanCondition)
      - @ConditionalOnThreading found PLATFORM (OnThreadingCondition)

   TaskSchedulingConfigurations.ThreadPoolTaskSchedulerBuilderConfiguration#threadPoolTaskSchedulerBuilder matched:
      - @ConditionalOnMissingBean (types: org.springframework.boot.task.ThreadPoolTaskSchedulerBuilder; SearchStrategy: all) did not find any beans (OnBeanCondition)

   ValidationAutoConfiguration matched:
      - @ConditionalOnClass found required class 'jakarta.validation.executable.ExecutableValidator' (OnClassCondition)
      - @ConditionalOnResource found location classpath:META-INF/services/jakarta.validation.spi.ValidationProvider (OnResourceCondition)

   ValidationAutoConfiguration#defaultValidator matched:
      - @ConditionalOnMissingBean (types: jakarta.validation.Validator; SearchStrategy: all) did not find any beans (OnBeanCondition)

   ValidationAutoConfiguration#methodValidationPostProcessor matched:
      - @ConditionalOnMissingBean (types: org.springframework.validation.beanvalidation.MethodValidationPostProcessor; SearchStrategy: current) did not find any beans (OnBeanCondition)

   WebEndpointAutoConfiguration matched:
      - @ConditionalOnWebApplication (required) found ConfigurableReactiveWebEnvironment (OnWebApplicationCondition)

   WebEndpointAutoConfiguration#controllerEndpointDiscoverer matched:
      - @ConditionalOnMissingBean (types: org.springframework.boot.actuate.endpoint.web.annotation.ControllerEndpointsSupplier; SearchStrategy: all) did not find any beans (OnBeanCondition)

   WebEndpointAutoConfiguration#endpointMediaTypes matched:
      - @ConditionalOnMissingBean (types: org.springframework.boot.actuate.endpoint.web.EndpointMediaTypes; SearchStrategy: all) did not find any beans (OnBeanCondition)

   WebEndpointAutoConfiguration#pathMappedEndpoints matched:
      - @ConditionalOnMissingBean (types: org.springframework.boot.actuate.endpoint.web.PathMappedEndpoints; SearchStrategy: all) did not find any beans (OnBeanCondition)

   WebEndpointAutoConfiguration#webEndpointDiscoverer matched:
      - @ConditionalOnMissingBean (types: org.springframework.boot.actuate.endpoint.web.WebEndpointsSupplier; SearchStrategy: all) did not find any beans (OnBeanCondition)

   WebFluxAutoConfiguration matched:
      - @ConditionalOnClass found required class 'org.springframework.web.reactive.config.WebFluxConfigurer' (OnClassCondition)
      - found ConfigurableReactiveWebEnvironment (OnWebApplicationCondition)
      - @ConditionalOnMissingBean (types: org.springframework.web.reactive.config.WebFluxConfigurationSupport; SearchStrategy: all) did not find any beans (OnBeanCondition)

   WebFluxAutoConfiguration.EnableWebFluxConfiguration#localeContextResolver matched:
      - @ConditionalOnMissingBean (names: localeContextResolver; SearchStrategy: all) did not find any beans (OnBeanCondition)

   WebFluxAutoConfiguration.EnableWebFluxConfiguration#webSessionManager matched:
      - @ConditionalOnMissingBean (names: webSessionManager; SearchStrategy: all) did not find any beans (OnBeanCondition)

   WebFluxEndpointManagementContextConfiguration matched:
      - @ConditionalOnClass found required classes 'org.springframework.web.reactive.DispatcherHandler', 'org.springframework.http.server.reactive.HttpHandler' (OnClassCondition)
      - found ConfigurableReactiveWebEnvironment (OnWebApplicationCondition)
      - @ConditionalOnBean (types: org.springframework.boot.actuate.endpoint.web.WebEndpointsSupplier; SearchStrategy: all) found bean 'webEndpointDiscoverer' (OnBeanCondition)

   WebFluxEndpointManagementContextConfiguration#controllerEndpointHandlerMapping matched:
      - @ConditionalOnMissingBean (types: org.springframework.boot.webflux.actuate.endpoint.web.ControllerEndpointHandlerMapping; SearchStrategy: all) did not find any beans (OnBeanCondition)

   WebFluxEndpointManagementContextConfiguration#serverCodecConfigurerEndpointJackson2JsonMapperBeanPostProcessor matched:
      - @ConditionalOnBean (types: org.springframework.boot.actuate.endpoint.jackson.EndpointJackson2ObjectMapper; SearchStrategy: all) found bean 'jackson2EndpointJsonMapper' (OnBeanCondition)

   WebFluxEndpointManagementContextConfiguration#serverCodecConfigurerEndpointJsonMapperBeanPostProcessor matched:
      - @ConditionalOnBean (types: org.springframework.boot.actuate.endpoint.jackson.EndpointJsonMapper; SearchStrategy: all) found bean 'endpointJsonMapper' (OnBeanCondition)

   WebFluxEndpointManagementContextConfiguration#webEndpointReactiveHandlerMapping matched:
      - @ConditionalOnMissingBean (types: org.springframework.boot.webflux.actuate.endpoint.web.WebFluxEndpointHandlerMapping; SearchStrategy: all) did not find any beans (OnBeanCondition)

   WebFluxEndpointManagementContextConfiguration.HealthConfiguration matched:
      - @ConditionalOnClass found required class 'org.springframework.boot.health.actuate.endpoint.HealthEndpoint' (OnClassCondition)

   WebFluxHealthEndpointExtensionAutoConfiguration matched:
      - @ConditionalOnClass found required classes 'org.springframework.boot.health.actuate.endpoint.HealthEndpoint', 'org.springframework.boot.health.contributor.Health' (OnClassCondition)
      - found ConfigurableReactiveWebEnvironment (OnWebApplicationCondition)
      - @ConditionalOnAvailableEndpoint marked as exposed by a 'management.endpoints.web.exposure' property (OnAvailableEndpointCondition)
      - @ConditionalOnBean (types: org.springframework.boot.actuate.endpoint.web.WebEndpointsSupplier,org.springframework.boot.health.actuate.endpoint.HealthEndpointGroups; SearchStrategy: all) found beans 'webEndpointDiscoverer', 'healthEndpointGroups' (OnBeanCondition)

   WebFluxObservationAutoConfiguration matched:
      - @ConditionalOnClass found required classes 'io.micrometer.observation.Observation', 'io.micrometer.core.instrument.MeterRegistry' (OnClassCondition)
      - found ConfigurableReactiveWebEnvironment (OnWebApplicationCondition)
      - @ConditionalOnBean (types: io.micrometer.observation.ObservationRegistry,io.micrometer.core.instrument.MeterRegistry; SearchStrategy: all) found beans 'prometheusMeterRegistry', 'observationRegistry' (OnBeanCondition)

   WebFluxObservationAutoConfiguration#defaultServerRequestObservationConvention matched:
      - @ConditionalOnMissingBean (types: org.springframework.http.server.reactive.observation.ServerRequestObservationConvention; SearchStrategy: all) did not find any beans (OnBeanCondition)

   WebSessionIdResolverAutoConfiguration matched:
      - @ConditionalOnClass found required classes 'org.springframework.web.server.session.WebSessionManager', 'reactor.core.publisher.Mono' (OnClassCondition)
      - found ConfigurableReactiveWebEnvironment (OnWebApplicationCondition)

   WebSessionIdResolverAutoConfiguration#webSessionIdResolver matched:
      - @ConditionalOnMissingBean (types: org.springframework.web.server.session.WebSessionIdResolver; SearchStrategy: all) did not find any beans (OnBeanCondition)


Negative matches:
-----------------

   AopAutoConfiguration.AspectJAutoProxyingConfiguration:
      Did not match:
         - @ConditionalOnClass did not find required class 'org.aspectj.weaver.Advice' (OnClassCondition)

   AppOpticsMetricsExportAutoConfiguration:
      Did not match:
         - @ConditionalOnClass did not find required class 'io.micrometer.appoptics.AppOpticsMeterRegistry' (OnClassCondition)

   AtlasMetricsExportAutoConfiguration:
      Did not match:
         - @ConditionalOnClass did not find required class 'io.micrometer.atlas.AtlasMeterRegistry' (OnClassCondition)

   AttributeConfiguration#heapStorage:
      Did not match:
         - @ConditionalOnProperty (io.sapl.attributes.storage=heap) found different value in property 'io.sapl.attributes.storage' (OnPropertyCondition)

   AttributeConfiguration#mongoStorage:
      Did not match:
         - @ConditionalOnProperty (io.sapl.attributes.storage=mongo) found different value in property 'io.sapl.attributes.storage' (OnPropertyCondition)

   AttributeConfiguration#persistentStorage:
      Did not match:
         - @ConditionalOnProperty (io.sapl.attributes.storage=persistent) found different value in property 'io.sapl.attributes.storage' (OnPropertyCondition)

   AttributeConfiguration#reactiveMongoTemplate:
      Did not match:
         - @ConditionalOnProperty (io.sapl.attributes.storage=mongo) found different value in property 'io.sapl.attributes.storage' (OnPropertyCondition)

   AttributeDistributionService:
      Did not match:
         - @ConditionalOnBean (types: com.hazelcast.core.HazelcastInstance; SearchStrategy: all) did not find any beans of type com.hazelcast.core.HazelcastInstance (OnBeanCondition)

   AuditAutoConfiguration:
      Did not match:
         - @ConditionalOnBean (types: org.springframework.boot.actuate.audit.AuditEventRepository; SearchStrategy: all) did not find any beans of type org.springframework.boot.actuate.audit.AuditEventRepository (OnBeanCondition)
      Matched:
         - @ConditionalOnBooleanProperty (management.auditevents.enabled=true) matched (OnPropertyCondition)

   AuditEventsEndpointAutoConfiguration:
      Did not match:
         - @ConditionalOnAvailableEndpoint not exposed (OnAvailableEndpointCondition)

   AvailabilityProbesAutoConfiguration#livenessStateHealthIndicator:
      Did not match:
         - @ConditionalOnMissingBean (names: livenessStateHealthIndicator; SearchStrategy: all) found beans named livenessStateHealthIndicator (OnBeanCondition)

   AvailabilityProbesAutoConfiguration#readinessStateHealthIndicator:
      Did not match:
         - @ConditionalOnMissingBean (names: readinessStateHealthIndicator; SearchStrategy: all) found beans named readinessStateHealthIndicator (OnBeanCondition)

   BeansEndpointAutoConfiguration:
      Did not match:
         - @ConditionalOnAvailableEndpoint not exposed (OnAvailableEndpointCondition)

   Bucket4JAutoConfigurationServletFilter:
      Did not match:
         - @ConditionalOnClass did not find required class 'jakarta.servlet.Filter' (OnClassCondition)

   Bucket4JAutoConfigurationSpringCloudGatewayFilter:
      Did not match:
         - @ConditionalOnClass did not find required class 'org.springframework.cloud.gateway.filter.GlobalFilter' (OnClassCondition)

   Bucket4JAutoConfigurationWebfluxFilter:
      Did not match:
         - @ConditionalOnProperty (bucket4j.enabled) found different value in property 'enabled' (OnPropertyCondition)
      Matched:
         - @ConditionalOnClass found required class 'org.springframework.web.server.WebFilter' (OnClassCondition)

   Bucket4jAopConfig:
      Did not match:
         - @ConditionalOnClass did not find required class 'org.aspectj.lang.annotation.Aspect' (OnClassCondition)

   Bucket4jCacheConfiguration:
      Did not match:
         - @ConditionalOnProperty (bucket4j.enabled) found different value in property 'enabled' (OnPropertyCondition)

   Bucket4jStartupCheckConfiguration:
      Did not match:
         - @ConditionalOnProperty (bucket4j.enabled) found different value in property 'enabled' (OnPropertyCondition)

   Cache2kCacheConfiguration:
      Did not match:
         - @ConditionalOnClass did not find required class 'org.cache2k.Cache2kBuilder' (OnClassCondition)

   CacheAutoConfiguration.CacheManagerEntityManagerFactoryDependsOnConfiguration:
      Did not match:
         - @ConditionalOnClass did not find required classes 'org.springframework.boot.jpa.autoconfigure.EntityManagerFactoryDependsOnPostProcessor', 'org.springframework.orm.jpa.LocalContainerEntityManagerFactoryBean' (OnClassCondition)

   CacheMeterBinderProvidersConfiguration.Cache2kCacheMeterBinderProviderConfiguration:
      Did not match:
         - @ConditionalOnClass did not find required classes 'org.cache2k.Cache2kBuilder', 'org.cache2k.extra.spring.SpringCache2kCache', 'org.cache2k.extra.micrometer.Cache2kCacheMetrics' (OnClassCondition)

   CacheMeterBinderProvidersConfiguration.HazelcastCacheMeterBinderProviderConfiguration:
      Did not match:
         - @ConditionalOnClass did not find required class 'com.hazelcast.spring.cache.HazelcastCache' (OnClassCondition)

   CacheMeterBinderProvidersConfiguration.JCacheCacheMeterBinderProviderConfiguration:
      Did not match:
         - @ConditionalOnClass did not find required class 'javax.cache.CacheManager' (OnClassCondition)

   CacheMeterBinderProvidersConfiguration.RedisCacheMeterBinderProviderConfiguration:
      Did not match:
         - @ConditionalOnClass did not find required class 'org.springframework.data.redis.cache.RedisCache' (OnClassCondition)

   CachesEndpointAutoConfiguration:
      Did not match:
         - @ConditionalOnAvailableEndpoint not exposed (OnAvailableEndpointCondition)
      Matched:
         - @ConditionalOnClass found required classes 'org.springframework.cache.CacheManager', 'org.springframework.boot.actuate.autoconfigure.endpoint.condition.ConditionalOnAvailableEndpoint' (OnClassCondition)

   CodecsAutoConfiguration.Jackson2JsonCodecConfiguration:
      Did not match:
         - AnyNestedCondition 0 matched 2 did not; NestedCondition on CodecsAutoConfiguration.NoJacksonOrJackson2Preferred.Jackson2Preferred @ConditionalOnProperty (spring.http.codecs.preferred-json-mapper=jackson2) did not find property 'spring.http.codecs.preferred-json-mapper'; NestedCondition on CodecsAutoConfiguration.NoJacksonOrJackson2Preferred.NoJackson @ConditionalOnMissingClass found unwanted class 'tools.jackson.databind.json.JsonMapper' (CodecsAutoConfiguration.NoJacksonOrJackson2Preferred)
      Matched:
         - @ConditionalOnClass found required class 'com.fasterxml.jackson.databind.ObjectMapper' (OnClassCondition)

   CodecsAutoConfiguration.KotlinxSerializationJsonCodecConfiguration:
      Did not match:
         - @ConditionalOnClass did not find required class 'kotlinx.serialization.json.Json' (OnClassCondition)

   CompositeMeterRegistryConfiguration:
      Did not match:
         - NoneNestedConditions 1 matched 1 did not; NestedCondition on CompositeMeterRegistryConfiguration.MultipleNonPrimaryMeterRegistriesCondition.SingleInjectableMeterRegistry @ConditionalOnSingleCandidate (types: io.micrometer.core.instrument.MeterRegistry; SearchStrategy: all) found a single bean 'prometheusMeterRegistry'; NestedCondition on CompositeMeterRegistryConfiguration.MultipleNonPrimaryMeterRegistriesCondition.NoMeterRegistryCondition @ConditionalOnMissingBean (types: io.micrometer.core.instrument.MeterRegistry; SearchStrategy: all) found beans of type 'io.micrometer.core.instrument.MeterRegistry' prometheusMeterRegistry (CompositeMeterRegistryConfiguration.MultipleNonPrimaryMeterRegistriesCondition)

   ConditionsReportEndpointAutoConfiguration:
      Did not match:
         - @ConditionalOnAvailableEndpoint not exposed (OnAvailableEndpointCondition)

   ConfigurationPropertiesReportEndpointAutoConfiguration:
      Did not match:
         - @ConditionalOnAvailableEndpoint not exposed (OnAvailableEndpointCondition)

   CouchbaseCacheConfiguration:
      Did not match:
         - @ConditionalOnClass did not find required class 'com.couchbase.client.java.Cluster' (OnClassCondition)

   DataMongoAutoConfiguration#mongoConnectionDetails:
      Did not match:
         - @ConditionalOnMissingBean (types: org.springframework.boot.mongodb.autoconfigure.MongoConnectionDetails; SearchStrategy: all) found beans of type 'org.springframework.boot.mongodb.autoconfigure.MongoConnectionDetails' mongoConnectionDetails (OnBeanCondition)

   DataWebAutoConfiguration:
      Did not match:
         - @ConditionalOnClass did not find required class 'org.springframework.web.servlet.config.annotation.WebMvcConfigurer' (OnClassCondition)

   DatadogMetricsExportAutoConfiguration:
      Did not match:
         - @ConditionalOnClass did not find required class 'io.micrometer.datadog.DatadogMeterRegistry' (OnClassCondition)

   DynatraceMetricsExportAutoConfiguration:
      Did not match:
         - @ConditionalOnClass did not find required class 'io.micrometer.dynatrace.DynatraceMeterRegistry' (OnClassCondition)

   ElasticMetricsExportAutoConfiguration:
      Did not match:
         - @ConditionalOnClass did not find required class 'io.micrometer.elastic.ElasticMeterRegistry' (OnClassCondition)

   EnvironmentEndpointAutoConfiguration:
      Did not match:
         - @ConditionalOnAvailableEndpoint not exposed (OnAvailableEndpointCondition)

   GangliaMetricsExportAutoConfiguration:
      Did not match:
         - @ConditionalOnClass did not find required class 'io.micrometer.ganglia.GangliaMeterRegistry' (OnClassCondition)

   GenericCacheConfiguration:
      Did not match:
         - Cache org.springframework.boot.cache.autoconfigure.GenericCacheConfiguration unknown cache type (CacheCondition)

   GraphiteMetricsExportAutoConfiguration:
      Did not match:
         - @ConditionalOnClass did not find required class 'io.micrometer.graphite.GraphiteMeterRegistry' (OnClassCondition)

   HazelcastAttributeListener:
      Did not match:
         - @ConditionalOnBean (types: com.hazelcast.core.HazelcastInstance; SearchStrategy: all) did not find any beans of type com.hazelcast.core.HazelcastInstance (OnBeanCondition)

   HazelcastCacheConfiguration:
      Did not match:
         - @ConditionalOnClass did not find required class 'com.hazelcast.spring.cache.HazelcastCacheManager' (OnClassCondition)

   HealthEndpointWebExtensionConfiguration:
      Did not match:
         - not a servlet web application (OnWebApplicationCondition)

   HeapDumpWebEndpointAutoConfiguration:
      Did not match:
         - @ConditionalOnAvailableEndpoint the configured access for endpoint 'heapdump' is NONE (OnAvailableEndpointCondition)

   HttpExchangesEndpointAutoConfiguration:
      Did not match:
         - @ConditionalOnAvailableEndpoint not exposed (OnAvailableEndpointCondition)

   HumioMetricsExportAutoConfiguration:
      Did not match:
         - @ConditionalOnClass did not find required class 'io.micrometer.humio.HumioMeterRegistry' (OnClassCondition)

   InfinispanCacheConfiguration:
      Did not match:
         - @ConditionalOnClass did not find required class 'org.infinispan.spring.embedded.provider.SpringEmbeddedCacheManager' (OnClassCondition)

   InfluxMetricsExportAutoConfiguration:
      Did not match:
         - @ConditionalOnClass did not find required class 'io.micrometer.influx.InfluxMeterRegistry' (OnClassCondition)

   InfoContributorAutoConfiguration#buildInfoContributor:
      Did not match:
         - @ConditionalOnSingleCandidate (types: org.springframework.boot.info.BuildProperties; SearchStrategy: all) did not find any beans (OnBeanCondition)
      Matched:
         - @ConditionalOnEnabledInfoContributor management.info.defaults.enabled is considered true (OnEnabledInfoContributorCondition)

   InfoContributorAutoConfiguration#envInfoContributor:
      Did not match:
         - @ConditionalOnEnabledInfoContributor management.info.env.enabled is not true (OnEnabledInfoContributorCondition)

   InfoContributorAutoConfiguration#javaInfoContributor:
      Did not match:
         - @ConditionalOnEnabledInfoContributor management.info.java.enabled is not true (OnEnabledInfoContributorCondition)

   InfoContributorAutoConfiguration#osInfoContributor:
      Did not match:
         - @ConditionalOnEnabledInfoContributor management.info.os.enabled is not true (OnEnabledInfoContributorCondition)

   InfoContributorAutoConfiguration#processInfoContributor:
      Did not match:
         - @ConditionalOnEnabledInfoContributor management.info.process.enabled is not true (OnEnabledInfoContributorCondition)

   InfoContributorAutoConfiguration#sslInfo:
      Did not match:
         - @ConditionalOnEnabledInfoContributor management.info.ssl.enabled is not true (OnEnabledInfoContributorCondition)
      Matched:
         - @ConditionalOnMissingBean (types: org.springframework.boot.info.SslInfo; SearchStrategy: all) did not find any beans (OnBeanCondition)

   InfoContributorAutoConfiguration#sslInfoContributor:
      Did not match:
         - @ConditionalOnEnabledInfoContributor management.info.ssl.enabled is not true (OnEnabledInfoContributorCondition)

   JCacheCacheConfiguration:
      Did not match:
         - @ConditionalOnClass did not find required class 'javax.cache.Caching' (OnClassCondition)

   JmxAutoConfiguration:
      Did not match:
         - @ConditionalOnBooleanProperty (spring.jmx.enabled=true) did not find property 'spring.jmx.enabled' (OnPropertyCondition)
      Matched:
         - @ConditionalOnClass found required class 'org.springframework.jmx.export.MBeanExporter' (OnClassCondition)

   JmxEndpointAutoConfiguration:
      Did not match:
         - @ConditionalOnBooleanProperty (spring.jmx.enabled=true) did not find property 'spring.jmx.enabled' (OnPropertyCondition)

   JmxMetricsExportAutoConfiguration:
      Did not match:
         - @ConditionalOnClass did not find required class 'io.micrometer.jmx.JmxMeterRegistry' (OnClassCondition)

   JtaAutoConfiguration:
      Did not match:
         - @ConditionalOnClass did not find required class 'jakarta.transaction.Transaction' (OnClassCondition)

   JvmMetricsAutoConfiguration.VirtualThreadMetricsConfiguration:
      Did not match:
         - @ConditionalOnClass did not find required class 'io.micrometer.java21.instrument.binder.jdk.VirtualThreadMetrics' (OnClassCondition)

   JwtSecretsAutoConfiguration:
      Did not match:
         - @ConditionalOnProperty (io.sapl.jwt.inject-token=true) did not find property 'io.sapl.jwt.inject-token' (OnPropertyCondition)
      Matched:
         - @ConditionalOnClass found required class 'org.springframework.security.oauth2.server.resource.authentication.JwtAuthenticationToken' (OnClassCondition)

   KairosMetricsExportAutoConfiguration:
      Did not match:
         - @ConditionalOnClass did not find required class 'io.micrometer.kairos.KairosMeterRegistry' (OnClassCondition)

   Log4J2MetricsAutoConfiguration:
      Did not match:
         - @ConditionalOnClass did not find required class 'org.apache.logging.log4j.core.LoggerContext' (OnClassCondition)

   LogFileWebEndpointAutoConfiguration:
      Did not match:
         - @ConditionalOnAvailableEndpoint not exposed (OnAvailableEndpointCondition)

   LoggersEndpointAutoConfiguration:
      Did not match:
         - @ConditionalOnAvailableEndpoint not exposed (OnAvailableEndpointCondition)

   ManagementContextAutoConfiguration.DifferentManagementContextConfiguration:
      Did not match:
         - Management Port actual port type (SAME) did not match required type (DIFFERENT) (OnManagementPortCondition)

   ManagementWebSecurityAutoConfiguration:
      Did not match:
         - not a servlet web application (OnWebApplicationCondition)
      Matched:
         - @ConditionalOnClass found required classes 'org.springframework.security.web.util.matcher.RequestMatcher', 'org.springframework.boot.actuate.autoconfigure.endpoint.web.WebEndpointAutoConfiguration' (OnClassCondition)

   MappingsEndpointAutoConfiguration:
      Did not match:
         - @ConditionalOnAvailableEndpoint not exposed (OnAvailableEndpointCondition)

   MessageSourceAutoConfiguration:
      Did not match:
         - ResourceBundle did not find bundle with basename messages (MessageSourceAutoConfiguration.ResourceBundleCondition)

   MetricsAspectsAutoConfiguration:
      Did not match:
         - @ConditionalOnClass did not find required class 'org.aspectj.weaver.Advice' (OnClassCondition)

   MetricsEndpointAutoConfiguration:
      Did not match:
         - @ConditionalOnAvailableEndpoint not exposed (OnAvailableEndpointCondition)
      Matched:
         - @ConditionalOnClass found required classes 'org.springframework.boot.actuate.autoconfigure.endpoint.condition.ConditionalOnAvailableEndpoint', 'io.micrometer.core.annotation.Timed' (OnClassCondition)

   MongoHealthContributorAutoConfiguration#mongoHealthContributor:
      Did not match:
         - @ConditionalOnMissingBean (names: mongoHealthIndicator,mongoHealthContributor; SearchStrategy: all) found beans named mongoHealthContributor (OnBeanCondition)

   MongoReactiveAutoConfiguration#mongoConnectionDetails:
      Did not match:
         - @ConditionalOnMissingBean (types: org.springframework.boot.mongodb.autoconfigure.MongoConnectionDetails; SearchStrategy: all) found beans of type 'org.springframework.boot.mongodb.autoconfigure.MongoConnectionDetails' mongoConnectionDetails (OnBeanCondition)

   MongoReactiveAutoConfiguration.MongoClientSettingsConfiguration:
      Did not match:
         - @ConditionalOnMissingBean (types: com.mongodb.MongoClientSettings; SearchStrategy: all) found beans of type 'com.mongodb.MongoClientSettings' mongoClientSettings (OnBeanCondition)

   NettyReactiveManagementContextAutoConfiguration:
      Did not match:
         - Management Port actual port type (SAME) did not match required type (DIFFERENT) (OnManagementPortCondition)
      Matched:
         - @ConditionalOnClass found required classes 'reactor.netty.http.server.HttpServer', 'org.springframework.boot.actuate.autoconfigure.web.server.ManagementContextFactory' (OnClassCondition)
         - found ConfigurableReactiveWebEnvironment (OnWebApplicationCondition)

   NewRelicMetricsExportAutoConfiguration:
      Did not match:
         - @ConditionalOnClass did not find required class 'io.micrometer.newrelic.NewRelicMeterRegistry' (OnClassCondition)

   NoOpAttributeDistributionService:
      Did not match:
         - @ConditionalOnMissingBean (types: io.sapl.hazelcast.AttributeDistributionService; SearchStrategy: all) found beans of type 'io.sapl.hazelcast.AttributeDistributionService' noOpAttributeDistributionService (OnBeanCondition)

   NoOpCacheConfiguration:
      Did not match:
         - Cache org.springframework.boot.cache.autoconfigure.NoOpCacheConfiguration unknown cache type (CacheCondition)

   NoOpMeterRegistryConfiguration:
      Did not match:
         - @ConditionalOnMissingBean (types: io.micrometer.core.instrument.MeterRegistry; SearchStrategy: all) found beans of type 'io.micrometer.core.instrument.MeterRegistry' prometheusMeterRegistry (OnBeanCondition)

   ObjectMapperAutoConfiguration#saplJacksonModule:
      Did not match:
         - @ConditionalOnMissingBean (types: io.sapl.api.model.jackson.SaplJacksonModule; SearchStrategy: all) found beans of type 'io.sapl.api.model.jackson.SaplJacksonModule' saplJacksonModule (OnBeanCondition)

   ObjectMapperAutoConfiguration#saplServletJacksonModule:
      Did not match:
         - @ConditionalOnClass did not find required class 'jakarta.servlet.http.HttpServletRequest' (OnClassCondition)

   ObservationAutoConfiguration.ObservedAspectConfiguration:
      Did not match:
         - @ConditionalOnClass did not find required class 'org.aspectj.weaver.Advice' (OnClassCondition)

   OtlpMetricsExportAutoConfiguration:
      Did not match:
         - @ConditionalOnClass did not find required class 'io.micrometer.registry.otlp.OtlpMeterRegistry' (OnClassCondition)

   PDPAutoConfiguration#policyDecisionPoint:
      Did not match:
         - @ConditionalOnMissingBean (types: io.sapl.api.pdp.PolicyDecisionPoint; SearchStrategy: all) found beans of type 'io.sapl.api.pdp.PolicyDecisionPoint' pdp (OnBeanCondition)

   ProjectInfoAutoConfiguration#buildProperties:
      Did not match:
         - @ConditionalOnResource did not find resource '${spring.info.build.location:classpath:META-INF/build-info.properties}' (OnResourceCondition)

   PrometheusMetricsExportAutoConfiguration.PrometheusPushGatewayConfiguration:
      Did not match:
         - @ConditionalOnClass did not find required class 'io.prometheus.metrics.exporter.pushgateway.PushGateway' (OnClassCondition)

   R2dbcObservationAutoConfiguration:
      Did not match:
         - @ConditionalOnClass did not find required class 'io.r2dbc.proxy.ProxyConnectionFactory' (OnClassCondition)

   R2dbcProxyAutoConfiguration:
      Did not match:
         - @ConditionalOnClass did not find required class 'io.r2dbc.proxy.ProxyConnectionFactory' (OnClassCondition)

   RSocketSecurityAutoConfiguration:
      Did not match:
         - @ConditionalOnClass did not find required class 'org.springframework.security.rsocket.core.SecuritySocketAcceptorInterceptor' (OnClassCondition)

   RSocketServerAutoConfiguration.EmbeddedServerConfiguration:
      Did not match:
         - @ConditionalOnProperty (spring.rsocket.server.port) did not find property 'spring.rsocket.server.port' (OnPropertyCondition)
      Matched:
         - @ConditionalOnClass found required class 'org.springframework.http.client.ReactorResourceFactory' (OnClassCondition)

   RSocketServerAutoConfiguration.WebFluxServerConfiguration:
      Did not match:
         - AllNestedConditions 2 matched 2 did not; NestedCondition on RSocketServerAutoConfiguration.OnRSocketWebServerCondition.HasWebsocketTransportConfigured @ConditionalOnProperty (spring.rsocket.server.transport=websocket) did not find property 'spring.rsocket.server.transport'; NestedCondition on RSocketServerAutoConfiguration.OnRSocketWebServerCondition.HasMappingPathConfigured @ConditionalOnProperty (spring.rsocket.server.mapping-path) did not find property 'spring.rsocket.server.mapping-path'; NestedCondition on RSocketServerAutoConfiguration.OnRSocketWebServerCondition.HasNoPortConfigured @ConditionalOnProperty (spring.rsocket.server.port) matched; NestedCondition on RSocketServerAutoConfiguration.OnRSocketWebServerCondition.IsReactiveWebApplication found ConfigurableReactiveWebEnvironment (RSocketServerAutoConfiguration.OnRSocketWebServerCondition)

   RSocketStrategiesAutoConfiguration.Jackson2StrategyConfiguration:
      Did not match:
         - AnyNestedCondition 0 matched 2 did not; NestedCondition on RSocketStrategiesAutoConfiguration.NoJacksonOrJackson2Preferred.Jackson2Preferred @ConditionalOnProperty (spring.rsocket.preferred-mapper=jackson2) did not find property 'spring.rsocket.preferred-mapper'; NestedCondition on RSocketStrategiesAutoConfiguration.NoJacksonOrJackson2Preferred.NoJackson @ConditionalOnMissingClass found unwanted class 'tools.jackson.databind.json.JsonMapper' (RSocketStrategiesAutoConfiguration.NoJacksonOrJackson2Preferred)

   ReactiveManagementWebSecurityAutoConfiguration:
      Did not match:
         - @ConditionalOnMissingBean (types: org.springframework.security.web.server.SecurityWebFilterChain,org.springframework.security.web.server.WebFilterChainProxy; SearchStrategy: all) found beans of type 'org.springframework.security.web.server.SecurityWebFilterChain' securityFilterChainLocal and found beans of type 'org.springframework.security.web.server.WebFilterChainProxy' org.springframework.security.config.annotation.web.reactive.WebFluxSecurityConfiguration.WebFilterChainFilter (OnBeanCondition)
      Matched:
         - @ConditionalOnClass found required classes 'org.springframework.security.config.annotation.web.reactive.EnableWebFluxSecurity', 'org.springframework.security.web.server.WebFilterChainProxy', 'org.springframework.boot.actuate.autoconfigure.endpoint.web.WebEndpointAutoConfiguration' (OnClassCondition)
         - found ConfigurableReactiveWebEnvironment (OnWebApplicationCondition)

   ReactiveUserDetailsServiceAutoConfiguration:
      Did not match:
         - AnyNestedCondition 0 matched 3 did not; NestedCondition on MissingAlternativeUserDetailsManagerOrUserPropertiesConfigured.PasswordConfigured @ConditionalOnProperty (spring.security.user.password) did not find property 'spring.security.user.password'; NestedCondition on MissingAlternativeUserDetailsManagerOrUserPropertiesConfigured.NameConfigured @ConditionalOnProperty (spring.security.user.name) did not find property 'spring.security.user.name'; NestedCondition on MissingAlternativeUserDetailsManagerOrUserPropertiesConfigured.MissingAlternative @ConditionalOnMissingClass found unwanted classes 'org.springframework.security.oauth2.client.registration.ClientRegistrationRepository', 'org.springframework.security.oauth2.server.resource.introspection.OpaqueTokenIntrospector' (MissingAlternativeUserDetailsManagerOrUserPropertiesConfigured)
      Matched:
         - @ConditionalOnClass found required class 'org.springframework.security.authentication.ReactiveAuthenticationManager' (OnClassCondition)

   ReactiveWebSecurityAutoConfiguration.SpringBootWebFluxSecurityConfiguration#denyAllAuthenticationManager:
      Did not match:
         - @ConditionalOnMissingBean (types: org.springframework.security.authentication.ReactiveAuthenticationManager,org.springframework.security.core.userdetails.ReactiveUserDetailsService,org.springframework.security.web.server.SecurityWebFilterChain; SearchStrategy: all) found beans of type 'org.springframework.security.core.userdetails.ReactiveUserDetailsService' saplUserDetailsService and found beans of type 'org.springframework.security.web.server.SecurityWebFilterChain' securityFilterChainLocal (OnBeanCondition)

   ReactiveWebSecurityAutoConfiguration.SpringBootWebFluxSecurityConfiguration.EnableWebFluxSecurityConfiguration:
      Did not match:
         - @ConditionalOnMissingBean (types: org.springframework.security.web.server.WebFilterChainProxy; SearchStrategy: all) found beans of type 'org.springframework.security.web.server.WebFilterChainProxy' org.springframework.security.config.annotation.web.reactive.WebFluxSecurityConfiguration.WebFilterChainFilter (OnBeanCondition)

   ReactiveWebServerConfiguration#forwardedHeaderTransformer:
      Did not match:
         - @ConditionalOnProperty (server.forward-headers-strategy=framework) did not find property 'server.forward-headers-strategy' (OnPropertyCondition)

   RedisCacheConfiguration:
      Did not match:
         - @ConditionalOnClass did not find required class 'org.springframework.data.redis.connection.RedisConnectionFactory' (OnClassCondition)

   RemotePDPAutoConfiguration:
      Did not match:
         - @ConditionalOnProperty (io.sapl.pdp.remote.enabled=true) did not find property 'enabled' (OnPropertyCondition)

   SbomEndpointAutoConfiguration:
      Did not match:
         - @ConditionalOnAvailableEndpoint not exposed (OnAvailableEndpointCondition)

   ScheduledTasksEndpointAutoConfiguration:
      Did not match:
         - @ConditionalOnAvailableEndpoint not exposed (OnAvailableEndpointCondition)

   SecurityAutoConfiguration.SecurityDataConfiguration:
      Did not match:
         - @ConditionalOnClass did not find required class 'org.springframework.security.data.repository.query.SecurityEvaluationContextExtension' (OnClassCondition)

   SecurityFilterAutoConfiguration:
      Did not match:
         - not a servlet web application (OnWebApplicationCondition)
      Matched:
         - @ConditionalOnClass found required classes 'org.springframework.security.web.context.AbstractSecurityWebApplicationInitializer', 'org.springframework.security.config.http.SessionCreationPolicy' (OnClassCondition)

   SecurityRequestMatchersManagementContextConfiguration:
      Did not match:
         - not a servlet web application (OnWebApplicationCondition)
      Matched:
         - @ConditionalOnClass found required class 'org.springframework.security.web.util.matcher.RequestMatcher' (OnClassCondition)

   ServletWebSecurityAutoConfiguration:
      Did not match:
         - not a servlet web application (OnWebApplicationCondition)
      Matched:
         - @ConditionalOnClass found required class 'org.springframework.security.config.annotation.web.configuration.EnableWebSecurity' (OnClassCondition)

   ShutdownEndpointAutoConfiguration:
      Did not match:
         - @ConditionalOnAvailableEndpoint the configured access for endpoint 'shutdown' is NONE (OnAvailableEndpointCondition)

   SimpleCacheConfiguration:
      Did not match:
         - Cache org.springframework.boot.cache.autoconfigure.SimpleCacheConfiguration unknown cache type (CacheCondition)

   SimpleMetricsExportAutoConfiguration:
      Did not match:
         - @ConditionalOnMissingBean (types: io.micrometer.core.instrument.MeterRegistry; SearchStrategy: all) found beans of type 'io.micrometer.core.instrument.MeterRegistry' prometheusMeterRegistry (OnBeanCondition)
      Matched:
         - @ConditionalOnEnabledMetricsExport management.defaults.metrics.export.enabled is considered true (OnMetricsExportEnabledCondition)

   SpringApplicationAdminJmxAutoConfiguration:
      Did not match:
         - @ConditionalOnBooleanProperty (spring.application.admin.enabled=true) did not find property 'spring.application.admin.enabled' (OnPropertyCondition)

   StackdriverMetricsExportAutoConfiguration:
      Did not match:
         - @ConditionalOnClass did not find required class 'io.micrometer.stackdriver.StackdriverMeterRegistry' (OnClassCondition)

   StartupEndpointAutoConfiguration:
      Did not match:
         - ApplicationStartup configured applicationStartup is of type class org.springframework.core.metrics.DefaultApplicationStartup, expected BufferingApplicationStartup. (StartupEndpointAutoConfiguration.ApplicationStartupCondition)

   StatsdMetricsExportAutoConfiguration:
      Did not match:
         - @ConditionalOnClass did not find required class 'io.micrometer.statsd.StatsdMeterRegistry' (OnClassCondition)

   TaskExecutorConfigurations.AsyncConfigurerWrapperConfiguration:
      Did not match:
         - @ConditionalOnBean (types: org.springframework.scheduling.annotation.AsyncConfigurer; SearchStrategy: all) did not find any beans of type org.springframework.scheduling.annotation.AsyncConfigurer (OnBeanCondition)

   TaskExecutorConfigurations.SimpleAsyncTaskExecutorBuilderConfiguration#simpleAsyncTaskExecutorBuilderVirtualThreads:
      Did not match:
         - @ConditionalOnMissingBean (types: org.springframework.boot.task.SimpleAsyncTaskExecutorBuilder; SearchStrategy: all) found beans of type 'org.springframework.boot.task.SimpleAsyncTaskExecutorBuilder' simpleAsyncTaskExecutorBuilder (OnBeanCondition)

   TaskExecutorConfigurations.TaskExecutorConfiguration#applicationTaskExecutorVirtualThreads:
      Did not match:
         - @ConditionalOnThreading did not find VIRTUAL (OnThreadingCondition)

   TaskSchedulingAutoConfiguration#scheduledBeanLazyInitializationExcludeFilter:
      Did not match:
         - @ConditionalOnBean (names: org.springframework.scheduling.config.internalScheduledAnnotationProcessor; SearchStrategy: all) did not find any beans named org.springframework.scheduling.config.internalScheduledAnnotationProcessor (OnBeanCondition)

   TaskSchedulingConfigurations.SimpleAsyncTaskSchedulerBuilderConfiguration#simpleAsyncTaskSchedulerBuilderVirtualThreads:
      Did not match:
         - @ConditionalOnMissingBean (types: org.springframework.boot.task.SimpleAsyncTaskSchedulerBuilder; SearchStrategy: all) found beans of type 'org.springframework.boot.task.SimpleAsyncTaskSchedulerBuilder' simpleAsyncTaskSchedulerBuilder (OnBeanCondition)

   TaskSchedulingConfigurations.TaskSchedulerConfiguration:
      Did not match:
         - @ConditionalOnBean (names: org.springframework.scheduling.config.internalScheduledAnnotationProcessor; SearchStrategy: all) did not find any beans named org.springframework.scheduling.config.internalScheduledAnnotationProcessor (OnBeanCondition)

   ThreadDumpEndpointAutoConfiguration:
      Did not match:
         - @ConditionalOnAvailableEndpoint not exposed (OnAvailableEndpointCondition)

   UserDetailsServiceAutoConfiguration:
      Did not match:
         - not a servlet web application (OnWebApplicationCondition)
      Matched:
         - @ConditionalOnClass found required class 'org.springframework.security.authentication.AuthenticationManager' (OnClassCondition)

   WebEndpointAutoConfiguration.WebEndpointServletConfiguration:
      Did not match:
         - not a servlet web application (OnWebApplicationCondition)

   WebFluxAutoConfiguration#hiddenHttpMethodFilter:
      Did not match:
         - @ConditionalOnBooleanProperty (spring.webflux.hiddenmethod.filter.enabled=true) did not find property 'spring.webflux.hiddenmethod.filter.enabled' (OnPropertyCondition)

   WebFluxAutoConfiguration.ProblemDetailsErrorHandlingConfiguration:
      Did not match:
         - @ConditionalOnBooleanProperty (spring.webflux.problemdetails.enabled=true) did not find property 'spring.webflux.problemdetails.enabled' (OnPropertyCondition)

   WebFluxAutoConfiguration.ResourceChainCustomizerConfiguration:
      Did not match:
         - @ConditionalOnEnabledResourceChain did not find class org.webjars.WebJarVersionLocator (OnEnabledResourceChainCondition)

   WebFluxEndpointManagementContextConfiguration.HealthConfiguration#managementHealthEndpointWebFluxHandlerMapping:
      Did not match:
         - Management Port actual port type (SAME) did not match required type (DIFFERENT) (OnManagementPortCondition)

   WebFluxHttpExchangesAutoConfiguration:
      Did not match:
         - @ConditionalOnBean (types: org.springframework.boot.actuate.web.exchanges.HttpExchangeRepository; SearchStrategy: all) did not find any beans of type org.springframework.boot.actuate.web.exchanges.HttpExchangeRepository (OnBeanCondition)
      Matched:
         - found ConfigurableReactiveWebEnvironment (OnWebApplicationCondition)
         - @ConditionalOnBooleanProperty (management.httpexchanges.recording.enabled=true) matched (OnPropertyCondition)

   WebFluxMappingsAutoConfiguration:
      Did not match:
         - @ConditionalOnAvailableEndpoint not exposed (OnAvailableEndpointCondition)
      Matched:
         - @ConditionalOnClass found required classes 'org.springframework.boot.actuate.autoconfigure.endpoint.condition.ConditionalOnAvailableEndpoint', 'org.springframework.web.reactive.DispatcherHandler', 'org.springframework.boot.actuate.web.mappings.MappingsEndpoint' (OnClassCondition)
         - found ConfigurableReactiveWebEnvironment (OnWebApplicationCondition)


Exclusions:
-----------

    org.springframework.boot.r2dbc.autoconfigure.R2dbcAutoConfiguration

    org.springframework.boot.autoconfigure.mongo.MongoAutoConfiguration

    io.sapl.spring.config.AuthorizationManagerConfiguration

    org.springframework.boot.transaction.autoconfigure.TransactionAutoConfiguration

    org.springframework.boot.transaction.autoconfigure.TransactionManagerCustomizationAutoConfiguration

    org.springframework.boot.persistence.autoconfigure.PersistenceExceptionTranslationAutoConfiguration

    io.sapl.spring.data.mongo.config.SaplMongoReactiveAutoConfiguration

    org.springframework.boot.autoconfigure.mongo.MongoAutoConfiguration


Unconditional classes:
----------------------

    org.springframework.boot.health.autoconfigure.registry.HealthContributorRegistryAutoConfiguration

    org.springframework.boot.autoconfigure.context.ConfigurationPropertiesAutoConfiguration

    org.springframework.boot.autoconfigure.ssl.SslAutoConfiguration

    org.springframework.boot.actuate.autoconfigure.info.InfoContributorAutoConfiguration

    org.springframework.boot.autoconfigure.context.PropertyPlaceholderAutoConfiguration

    org.springframework.boot.autoconfigure.context.LifecycleAutoConfiguration

    io.sapl.spring.config.ConstraintsHandlerAutoconfiguration

    org.springframework.boot.actuate.autoconfigure.endpoint.EndpointAutoConfiguration

    org.springframework.boot.health.autoconfigure.contributor.HealthContributorAutoConfiguration

    io.sapl.spring.config.ObjectMapperAutoConfiguration

    org.springframework.boot.actuate.autoconfigure.web.server.ManagementContextAutoConfiguration

    org.springframework.boot.autoconfigure.availability.ApplicationAvailabilityAutoConfiguration

    io.sapl.server.pdpcontroller.SaplJacksonAutoConfiguration

    org.springframework.boot.autoconfigure.info.ProjectInfoAutoConfiguration



2026-04-26T11:42:43.814+02:00  INFO 80702 --- [sapl] [           main] io.sapl.node.SaplNodeApplication         : Started SaplNodeApplication in 5.778 seconds (process running for 6.639)
2026-04-26T11:42:43.815+02:00 DEBUG 80702 --- [sapl] [           main] o.s.b.a.ApplicationAvailabilityBean      : Application availability state LivenessState changed to CORRECT
2026-04-26T11:42:43.816+02:00 DEBUG 80702 --- [sapl] [           main] o.s.b.a.ApplicationAvailabilityBean      : Application availability state ReadinessState changed to ACCEPTING_TRAFFIC
Received: Nodemystifying_swirles is up
2026-04-26T11:42:57.445+02:00 DEBUG 80702 --- [sapl] [or-http-epoll-2] o.s.w.s.adapter.HttpWebHandlerAdapter    : [c2c7e45f-1] HTTP POST "/api/pdp/decide-once"
2026-04-26T11:42:57.476+02:00 DEBUG 80702 --- [sapl] [     parallel-2] o.s.w.s.s.DefaultWebSessionManager       : Created new WebSession.
2026-04-26T11:42:57.477+02:00 DEBUG 80702 --- [sapl] [     parallel-2] o.s.s.w.s.u.m.OrServerWebExchangeMatcher : Trying to match using PathMatcherServerWebExchangeMatcher{pattern='/logout', method=POST}
2026-04-26T11:42:57.477+02:00 DEBUG 80702 --- [sapl] [     parallel-2] athPatternParserServerWebExchangeMatcher : Request 'POST /api/pdp/decide-once' doesn't match 'POST /logout'
2026-04-26T11:42:57.478+02:00 DEBUG 80702 --- [sapl] [     parallel-2] o.s.s.w.s.u.m.OrServerWebExchangeMatcher : No matches found
2026-04-26T11:42:57.481+02:00 DEBUG 80702 --- [sapl] [     parallel-2] o.s.s.w.s.u.m.OrServerWebExchangeMatcher : Trying to match using PathMatcherServerWebExchangeMatcher{pattern='/**', method=null}
2026-04-26T11:42:57.482+02:00 DEBUG 80702 --- [sapl] [     parallel-2] athPatternParserServerWebExchangeMatcher : Checking match of request : '/api/pdp/decide-once'; against '/**'
2026-04-26T11:42:57.482+02:00 DEBUG 80702 --- [sapl] [     parallel-2] o.s.s.w.s.u.m.OrServerWebExchangeMatcher : matched
2026-04-26T11:42:57.482+02:00 DEBUG 80702 --- [sapl] [     parallel-2] a.DelegatingReactiveAuthorizationManager : Checking authorization on '/api/pdp/decide-once' using org.springframework.security.config.web.server.ServerHttpSecurity$AuthorizeExchangeSpec$Access$$Lambda/0x00007f592ca127e0@6dc12b32
2026-04-26T11:42:57.483+02:00 DEBUG 80702 --- [sapl] [     parallel-2] o.s.s.w.s.a.AuthorizationWebFilter       : Authorization successful
2026-04-26T11:42:57.488+02:00 DEBUG 80702 --- [sapl] [     parallel-2] s.w.r.r.m.a.RequestMappingHandlerMapping : [c2c7e45f-1] Mapped to io.sapl.server.pdpcontroller.PDPController#decideOnce(AuthorizationSubscription)
2026-04-26T11:42:57.496+02:00 DEBUG 80702 --- [sapl] [     parallel-2] .r.m.a.RequestBodyMethodArgumentResolver : [c2c7e45f-1] Content-Type:application/json
2026-04-26T11:42:57.496+02:00 DEBUG 80702 --- [sapl] [     parallel-2] .r.m.a.RequestBodyMethodArgumentResolver : [c2c7e45f-1] 0..1 [io.sapl.api.pdp.AuthorizationSubscription]
2026-04-26T11:42:57.522+02:00 DEBUG 80702 --- [sapl] [or-http-epoll-2] o.s.http.codec.json.JacksonJsonDecoder   : [c2c7e45f-1] Decoded [{"subject"="", "action"="", "resource"={}}]
2026-04-26T11:42:57.529+02:00 DEBUG 80702 --- [sapl] [or-http-epoll-2] o.s.w.r.r.m.a.ResponseBodyResultHandler  : [c2c7e45f-1] Using 'application/json' given [*/*] and supported [application/json]
2026-04-26T11:42:57.529+02:00 DEBUG 80702 --- [sapl] [or-http-epoll-2] o.s.w.r.r.m.a.ResponseBodyResultHandler  : [c2c7e45f-1] 0..1 [io.sapl.api.pdp.AuthorizationDecision]
2026-04-26T11:42:57.539+02:00 DEBUG 80702 --- [sapl] [or-http-epoll-2] o.s.http.codec.json.JacksonJsonEncoder   : [c2c7e45f-1] Encoding [AuthorizationDecision[decision=INDETERMINATE, obligations=[], advice=[], resource=undefined]]
2026-04-26T11:42:57.554+02:00 DEBUG 80702 --- [sapl] [or-http-epoll-2] o.s.w.s.adapter.HttpWebHandlerAdapter    : [c2c7e45f-1] Completed 200 OK
2026-04-26T11:43:00.011+02:00 DEBUG 80702 --- [sapl] [ionShutdownHook] o.s.b.a.ApplicationAvailabilityBean      : Application availability state ReadinessState changed from ACCEPTING_TRAFFIC to REFUSING_TRAFFIC
2026-04-26T11:43:00.012+02:00 DEBUG 80702 --- [sapl] [ionShutdownHook] onfigReactiveWebServerApplicationContext : Closing org.springframework.boot.web.server.reactive.context.AnnotationConfigReactiveWebServerApplicationContext@7cedfa63, started on Sun Apr 26 11:42:38 CEST 2026
2026-04-26T11:43:00.014+02:00 DEBUG 80702 --- [sapl] [ionShutdownHook] o.s.c.support.DefaultLifecycleProcessor  : Stopping beans in phase 2147483647
2026-04-26T11:43:00.014+02:00 DEBUG 80702 --- [sapl] [ionShutdownHook] o.s.c.support.DefaultLifecycleProcessor  : Stopping beans in phase 2147482623
2026-04-26T11:43:00.015+02:00  INFO 80702 --- [sapl] [ionShutdownHook] o.s.boot.reactor.netty.GracefulShutdown  : Commencing graceful shutdown. Waiting for active requests to complete
2026-04-26T11:43:00.018+02:00  INFO 80702 --- [sapl] [ netty-shutdown] o.s.boot.reactor.netty.GracefulShutdown  : Graceful shutdown complete
2026-04-26T11:43:00.018+02:00 DEBUG 80702 --- [sapl] [ netty-shutdown] o.s.c.support.DefaultLifecycleProcessor  : Bean 'webServerGracefulShutdown' completed its stop procedure
2026-04-26T11:43:00.018+02:00 DEBUG 80702 --- [sapl] [ionShutdownHook] o.s.c.support.DefaultLifecycleProcessor  : Stopping beans in phase 2147481599
2026-04-26T11:43:00.019+02:00 DEBUG 80702 --- [sapl] [ionShutdownHook] o.s.c.support.DefaultLifecycleProcessor  : Bean 'webServerStartStop' completed its stop procedure
2026-04-26T11:43:00.019+02:00 DEBUG 80702 --- [sapl] [ionShutdownHook] o.s.c.support.DefaultLifecycleProcessor  : Stopping beans in phase 1073741823
2026-04-26T11:43:00.019+02:00 DEBUG 80702 --- [sapl] [ionShutdownHook] o.s.c.support.DefaultLifecycleProcessor  : Bean 'applicationTaskExecutor' completed its stop procedure
2026-04-26T11:43:00.019+02:00 DEBUG 80702 --- [sapl] [ionShutdownHook] o.s.c.support.DefaultLifecycleProcessor  : Stopping beans in phase 0
2026-04-26T11:43:02.032+02:00 DEBUG 80702 --- [sapl] [ionShutdownHook] o.s.c.support.DefaultLifecycleProcessor  : Bean 'reactorResourceFactory' completed its stop procedure
2026-04-26T11:43:02.032+02:00 DEBUG 80702 --- [sapl] [ionShutdownHook] o.s.c.support.DefaultLifecycleProcessor  : Stopping beans in phase -2147483647
2026-04-26T11:43:02.033+02:00 DEBUG 80702 --- [sapl] [ionShutdownHook] o.s.c.support.DefaultLifecycleProcessor  : Bean 'springBootLoggingLifecycle' completed its stop procedure
2026-04-26T11:43:04.040+02:00 DEBUG 80702 --- [sapl] [ionShutdownHook] o.s.b.f.support.DisposableBeanAdapter    : Custom destroy method 'close' on bean with name 'prometheusMeterRegistry' completed
2026-04-26T11:43:04.041+02:00 DEBUG 80702 --- [sapl] [ionShutdownHook] o.s.b.f.support.DisposableBeanAdapter    : Custom destroy method 'shutdown' on bean with name 'hazelcastInstance' completed
2026-04-26T11:43:04.041+02:00 DEBUG 80702 --- [sapl] [ionShutdownHook] o.s.s.concurrent.ThreadPoolTaskExecutor  : Shutting down ExecutorService 'applicationTaskExecutor'
